<?xml version="1.0" encoding="UTF-8"?>
<!DOCTYPE manifesto SYSTEM "file:/C:/Users/KIKO/Desktop/GIT/EngenhariaInformatica/PLC/PRI/manifesto/manifest.dtd">
<manifesto>
    <meta>
        <id>PRI_18/19_TPC4</id>
        <título>Arquivo Musica Digital</título>
        <subtítulo>Website e servidor</subtítulo>
        <dinício>Outubro de 2018</dinício>
        <dfim>Outubro de 2018</dfim>
        <supervisor>
            <nome>José Carlos Ramalho</nome>
            <email>jcr@di.uminho.pt</email>
            <website>http://www4.di.uminho.pt/~jcr/</website>
        </supervisor>
    </meta>
    <equipe>
        <elemento>
            <id>a78416</id>
            <nome>Francisco José Moreira Oliveira</nome>
            <email>a78416@alunos.uminho.pt</email>
            <website>https://github.com/Tibblue</website>
            <foto path="https://i.imgur.com/0HAVOHz.jpg"/>
        </elemento>
    </equipe>
    <resumo>
        <para>Este <b><i>trabalho</i></b> contém um ficheiro XSL que será usada para converter
                o nosso <b>arquivo musical</b> num website constituido por um <i>index.html</i> 
                e várias <b>obras</b>.</para>
        <para>O indice estará ordenado e agrupado por tipos. Cada página individual terá 
                informação acerca da obra em questão.</para>
        <para>Temos tambem o <i>server.js</i> que aceita pedidos sobre os HTMLs criados 
                sobre a AMD.</para>
    </resumo>
    <resultados>
        <resultado path="https://github.com/Tibblue/PRI/tree/master/tpc4">GitHub Repo TPC4</resultado>
        <resultado path="manifesto-tp4.xml">XML do manifesto</resultado>
        <resultado path="manifesto-tp4.html">HTML do manifesto</resultado>
        <resultado path="manifesto.xsl">XSL do manifesto</resultado>
        <resultado path="arquivo-musica-digital.xml">Arquivo Musica Digital em XML</resultado>
        <resultado path="amd2html.xsl">XSL do AMD para gerar o html do website</resultado>
        <resultado path="website/">Pasta com o website</resultado>
        <resultado path="website/index.html">Index da pagina</resultado>
    </resultados>
</manifesto>