
            {"id": "m29",
             "titulo": "Ross Roy",
             "tipo": "Abertura/Concerto"
            
                , "compositor": "Jacob de Haan"
            
                , "instrumentos": [
                
                    {
                    "designaçao": "All",
                    
                    "path": "RossRoy-all.pdf"
                    }
                    ,
                    {
                    "designaçao": "Clarinete Alto",
                    
                    "path": "RossRoy-clarinete-alto.pdf"
                    }
                    ,
                    {
                    "designaçao": "Clarinete Baixo",
                    
                    "path": "RossRoy-clarinete-baixo.pdf"
                    }
                    ,
                    {
                    "designaçao": "Clarinete",
                    
                        "voz": "I",
                    
                    "path": "RossRoy-clarinete1.pdf"
                    }
                    ,
                    {
                    "designaçao": "Clarinete",
                    
                        "voz": "II",
                    
                    "path": "RossRoy-clarinete2.pdf"
                    }
                    ,
                    {
                    "designaçao": "Clarinete",
                    
                        "voz": "III",
                    
                    "path": "RossRoy-clarinete3.pdf"
                    }
                    ,
                    {
                    "designaçao": "Corne Inglês",
                    
                    "path": "RossRoy-corne-ingles.pdf"
                    }
                    ,
                    {
                    "designaçao": "Fagote",
                    
                        "voz": "I",
                    
                    "path": "RossRoy-fagote1.pdf"
                    }
                    ,
                    {
                    "designaçao": "Fagote",
                    
                        "voz": "II",
                    
                    "path": "RossRoy-fagote2.pdf"
                    }
                    ,
                    {
                    "designaçao": "Flauta",
                    
                        "voz": "I",
                    
                    "path": "RossRoy-flauta1.pdf"
                    }
                    ,
                    {
                    "designaçao": "Flauta",
                    
                        "voz": "II",
                    
                    "path": "RossRoy-flauta2.pdf"
                    }
                    ,
                    {
                    "designaçao": "Maestro",
                    
                    "path": "RossRoy-maestro.pdf"
                    }
                    ,
                    {
                    "designaçao": "Oboé",
                    
                        "voz": "I",
                    
                    "path": "RossRoy-oboe1.pdf"
                    }
                    ,
                    {
                    "designaçao": "Oboé",
                    
                        "voz": "II",
                    
                    "path": "RossRoy-oboe2.pdf"
                    }
                    ,
                    {
                    "designaçao": "Percussão",
                    
                        "voz": "I",
                    
                    "path": "RossRoy-percussao1.pdf"
                    }
                    ,
                    {
                    "designaçao": "Percussão",
                    
                        "voz": "II",
                    
                    "path": "RossRoy-percussao2-3.pdf"
                    }
                    ,
                    {
                    "designaçao": "Percussão",
                    
                        "voz": "III",
                    
                    "path": "RossRoy-percussao2-3.pdf"
                    }
                    ,
                    {
                    "designaçao": "Requinta",
                    
                    "path": "RossRoy-requinta.pdf"
                    }
                    ,
                    {
                    "designaçao": "Sax Alto",
                    
                        "voz": "I",
                    
                    "path": "RossRoy-saxA1.pdf"
                    }
                    ,
                    {
                    "designaçao": "Sax Alto",
                    
                        "voz": "II",
                    
                    "path": "RossRoy-saxA2.pdf"
                    }
                    ,
                    {
                    "designaçao": "Sax Barítono",
                    
                    "path": "RossRoy-saxB.pdf"
                    }
                    ,
                    {
                    "designaçao": "Sax Tenor",
                    
                    "path": "RossRoy-saxT.pdf"
                    }
                    ,
                    {
                    "designaçao": "Tímpanos",
                    
                    "path": "RossRoy-timpanos.pdf"
                    }
                    ,
                    {
                    "designaçao": "Trombone Baixo",
                    
                    "path": "RossRoy-trombone-baixo.pdf"
                    }
                    ,
                    {
                    "designaçao": "Trombone",
                    
                        "voz": "I",
                    
                    "path": "RossRoy-trombone1.pdf"
                    }
                    ,
                    {
                    "designaçao": "Trombone",
                    
                        "voz": "II",
                    
                    "path": "RossRoy-trombone2.pdf"
                    }
                    ,
                    {
                    "designaçao": "Trompa",
                    
                        "voz": "I",
                    
                    "path": "RossRoy-trompa1.pdf"
                    }
                    ,
                    {
                    "designaçao": "Trompa",
                    
                        "voz": "II",
                    
                    "path": "RossRoy-trompa2.pdf"
                    }
                    ,
                    {
                    "designaçao": "Trompa",
                    
                        "voz": "III",
                    
                    "path": "RossRoy-trompa3.pdf"
                    }
                    ,
                    {
                    "designaçao": "Trompa",
                    
                        "voz": "IV",
                    
                    "path": "RossRoy-trompa4.pdf"
                    }
                    ,
                    {
                    "designaçao": "Trompete",
                    
                        "voz": "I",
                    
                    "path": "RossRoy-trompete1.pdf"
                    }
                    ,
                    {
                    "designaçao": "Trompete",
                    
                        "voz": "II",
                    
                    "path": "RossRoy-trompete2.pdf"
                    }
                    ,
                    {
                    "designaçao": "Trompete",
                    
                        "voz": "III",
                    
                    "path": "RossRoy-trompete3.pdf"
                    }
                    ,
                    {
                    "designaçao": "Tuba",
                    
                    "path": "RossRoy-tuba.pdf"
                    }
                    ,
                    {
                    "designaçao": "Xilofone",
                    
                    "path": "RossRoy-xilofone.pdf"
                    }
                    
                ]
            
            }
        