
            {"id": "m27",
             "titulo": "Canções da Tradição",
             "tipo": "Rapsódia"
            
                , "compositor": "Luís Cardoso"
            
                , "instrumentos": [
                
                    {
                    "designaçao": "Maestro",
                    
                    "path": "CancoesTrad-maestro.pdf"
                    }
                    ,
                    {
                    "designaçao": "Oboé",
                    
                    "path": "CancoesTrad-oboe.pdf"
                    }
                    ,
                    {
                    "designaçao": "Flautim",
                    
                    "path": "CancoesTrad-flautim.pdf"
                    }
                    ,
                    {
                    "designaçao": "Flauta",
                    
                        "voz": "I",
                    
                    "path": "CancoesTrad-flauta1.pdf"
                    }
                    ,
                    {
                    "designaçao": "Flauta",
                    
                        "voz": "II",
                    
                    "path": "CancoesTrad-flauta2.pdf"
                    }
                    ,
                    {
                    "designaçao": "Trompete",
                    
                        "voz": "I",
                    
                    "path": "CancoesTrad-trompete1.pdf"
                    }
                    ,
                    {
                    "designaçao": "Trompete",
                    
                        "voz": "II",
                    
                    "path": "CancoesTrad-trompete2.pdf"
                    }
                    ,
                    {
                    "designaçao": "Trompete",
                    
                        "voz": "III",
                    
                    "path": "CancoesTrad-trompete3.pdf"
                    }
                    ,
                    {
                    "designaçao": "Trompa",
                    
                        "voz": "I",
                    
                    "path": "CancoesTrad-trompaF1.pdf"
                    }
                    ,
                    {
                    "designaçao": "Trompa",
                    
                        "voz": "II",
                    
                    "path": "CancoesTrad-trompaF2.pdf"
                    }
                    ,
                    {
                    "designaçao": "Trompa",
                    
                        "voz": "III",
                    
                    "path": "CancoesTrad-trompaF3.pdf"
                    }
                    ,
                    {
                    "designaçao": "Trombone",
                    
                        "voz": "I",
                    
                    "path": "CancoesTrad-trombone1.pdf"
                    }
                    ,
                    {
                    "designaçao": "Trombone",
                    
                        "voz": "II",
                    
                    "path": "CancoesTrad-trombone2.pdf"
                    }
                    ,
                    {
                    "designaçao": "Trombone",
                    
                        "voz": "III",
                    
                    "path": "CancoesTrad-trombone3.pdf"
                    }
                    ,
                    {
                    "designaçao": "Eufónio",
                    
                    "path": "CancoesTrad-eufonio.pdf"
                    }
                    ,
                    {
                    "designaçao": "Tuba",
                    
                    "path": "CancoesTrad-tuba.pdf"
                    }
                    ,
                    {
                    "designaçao": "Sax Barítono",
                    
                    "path": "CancoesTrad-saxB.pdf"
                    }
                    ,
                    {
                    "designaçao": "Sax Tenor",
                    
                    "path": "CancoesTrad-saxT.pdf"
                    }
                    ,
                    {
                    "designaçao": "Sax Alto",
                    
                        "voz": "I",
                    
                    "path": "CancoesTrad-saxA1.pdf"
                    }
                    ,
                    {
                    "designaçao": "Sax Alto",
                    
                        "voz": "II",
                    
                    "path": "CancoesTrad-saxA2.pdf"
                    }
                    ,
                    {
                    "designaçao": "Clarinete",
                    
                        "voz": "I",
                    
                    "path": "CancoesTrad-clari1.pdf"
                    }
                    ,
                    {
                    "designaçao": "Clarinete",
                    
                        "voz": "II",
                    
                    "path": "CancoesTrad-clari2.pdf"
                    }
                    ,
                    {
                    "designaçao": "Clarinete",
                    
                        "voz": "III",
                    
                    "path": "CancoesTrad-clari3.pdf"
                    }
                    ,
                    {
                    "designaçao": "Clarinete",
                    
                        "voz": "IV",
                    
                    "path": "CancoesTrad-clari4.pdf"
                    }
                    ,
                    {
                    "designaçao": "Ferrinhos",
                    
                    "path": "CancoesTrad-ferrinhos.pdf"
                    }
                    ,
                    {
                    "designaçao": "Pandeireta",
                    
                    "path": "CancoesTrad-pandeireta.pdf"
                    }
                    ,
                    {
                    "designaçao": "Tímpanos",
                    
                    "path": "CancoesTrad-timpanos.pdf"
                    }
                    ,
                    {
                    "designaçao": "Percussão",
                    
                    "path": "CancoesTrad-percussao.pdf"
                    }
                    ,
                    {
                    "designaçao": "Bateria",
                    
                    "path": "CancoesTrad-bateria.pdf"
                    }
                    ,
                    {
                    "designaçao": "Bombo",
                    
                    "path": "CancoesTrad-bombo.pdf"
                    }
                    
                ]
            
            }
        