
            {"id": "m11",
             "titulo": "Invocação a Deus",
             "tipo": "Marcha de Procissão"
            
                , "compositor": "Fernando Ferreira da Costa"
            
                , "instrumentos": [
                
                    {
                    "designaçao": "Sax Barítono",
                    
                    "path": "InvDeus-saxB.pdf"
                    }
                    ,
                    {
                    "designaçao": "Bombo",
                    
                    "path": "InvDeus-bombo-pratos.pdf"
                    }
                    ,
                    {
                    "designaçao": "Pratos",
                    
                    "path": "InvDeus-bombo-pratos.pdf"
                    }
                    ,
                    {
                    "designaçao": "Caixa",
                    
                    "path": "InvDeus-caixa.pdf"
                    }
                    ,
                    {
                    "designaçao": "Clarinete",
                    
                        "voz": "I",
                    
                    "path": "InvDeus-clarinete1.pdf"
                    }
                    ,
                    {
                    "designaçao": "Clarinete",
                    
                        "voz": "II",
                    
                    "path": "InvDeus-clarinete2.pdf"
                    }
                    ,
                    {
                    "designaçao": "Clarinete",
                    
                        "voz": "III",
                    
                    "path": "InvDeus-clarinete3.pdf"
                    }
                    ,
                    {
                    "designaçao": "Eufónio",
                    
                    "path": "InvDeus-eufonio.pdf"
                    }
                    ,
                    {
                    "designaçao": "Eufónio",
                    
                        "voz": "I",
                    
                    "path": "InvDeus-eufonio1.pdf"
                    }
                    ,
                    {
                    "designaçao": "Flauta",
                    
                    "path": "InvDeus-flauta.pdf"
                    }
                    ,
                    {
                    "designaçao": "Maestro",
                    
                    "path": "InvDeus-maestro.pdf"
                    }
                    ,
                    {
                    "designaçao": "Requinta",
                    
                    "path": "InvDeus-requinta.pdf"
                    }
                    ,
                    {
                    "designaçao": "Sax Alto",
                    
                    "path": "InvDeus-saxA.pdf"
                    }
                    ,
                    {
                    "designaçao": "Sax Tenor",
                    
                    "path": "InvDeus-saxT.pdf"
                    }
                    ,
                    {
                    "designaçao": "Trombone",
                    
                        "voz": "I",
                    
                    "path": "InvDeus-trombone1.pdf"
                    }
                    ,
                    {
                    "designaçao": "Trombone",
                    
                        "voz": "II",
                    
                    "path": "InvDeus-trombone2.pdf"
                    }
                    ,
                    {
                    "designaçao": "Trombone",
                    
                        "voz": "III",
                    
                    "path": "InvDeus-trombone3.pdf"
                    }
                    ,
                    {
                    "designaçao": "Trompa",
                    
                        "voz": "I",
                    
                    "path": "InvDeus-trompa1.pdf"
                    }
                    ,
                    {
                    "designaçao": "Trompa",
                    
                        "voz": "II",
                    
                    "path": "InvDeus-trompa2.pdf"
                    }
                    ,
                    {
                    "designaçao": "Trompete",
                    
                        "voz": "I",
                    
                    "path": "InvDeus-trompete1.pdf"
                    }
                    ,
                    {
                    "designaçao": "Trompete",
                    
                        "voz": "II",
                    
                    "path": "InvDeus-trompete2.pdf"
                    }
                    ,
                    {
                    "designaçao": "Trompete",
                    
                        "voz": "III",
                    
                    "path": "InvDeus-trompete3.pdf"
                    }
                    ,
                    {
                    "designaçao": "Tuba",
                    
                    "path": "InvDeus-tuba.pdf"
                    }
                    
                ]
            
            }
        