
            {"id": "m30",
             "titulo": "76 Trombones",
             "tipo": "Marcha de Concerto/Pasodoble"
            
                , "compositor": "Meredith Willson"
            
                , "arranjo": "Nachiro Iwai"
            
                , "instrumentos": [
                
                    {
                    "designaçao": "All",
                    
                    "path": "76Trombones-all.pdf"
                    }
                    ,
                    {
                    "designaçao": "Tímpanos",
                    
                    "path": "76Trombones-timpanos.pdf"
                    }
                    ,
                    {
                    "designaçao": "Bateria",
                    
                    "path": "76Trombones-bateria.pdf"
                    }
                    ,
                    {
                    "designaçao": "Pratos",
                    
                    "path": "76Trombones-pratos.pdf"
                    }
                    ,
                    {
                    "designaçao": "Bombo",
                    
                    "path": "76Trombones-bombo.pdf"
                    }
                    ,
                    {
                    "designaçao": "Caixa",
                    
                    "path": "76Trombones-caixa.pdf"
                    }
                    ,
                    {
                    "designaçao": "Baixo Elétrico",
                    
                    "path": "76Trombones-baixo-eletrico.pdf"
                    }
                    ,
                    {
                    "designaçao": "Trombone Baixo",
                    
                    "path": "76Trombones-trombone-baixo.pdf"
                    }
                    ,
                    {
                    "designaçao": "Eufónio",
                    
                    "path": "76Trombones-eufonio.pdf"
                    }
                    ,
                    {
                    "designaçao": "Trombone",
                    
                        "voz": "I",
                    
                    "path": "76Trombones-trombone1.pdf"
                    }
                    ,
                    {
                    "designaçao": "Trombone",
                    
                        "voz": "II",
                    
                    "path": "76Trombones-trombone2-3.pdf"
                    }
                    ,
                    {
                    "designaçao": "Trombone",
                    
                        "voz": "III",
                    
                    "path": "76Trombones-trombone2-3.pdf"
                    }
                    ,
                    {
                    "designaçao": "Tuba",
                    
                        "clave": "sol",
                    
                    "path": "76Trombones-tuba.pdf 76Trombones-tuba-sol.pdf"
                    }
                    ,
                    {
                    "designaçao": "Trompa",
                    
                        "voz": "III",
                    
                    "path": "76Trombones-trompa3-4.pdf"
                    }
                    ,
                    {
                    "designaçao": "Trompa",
                    
                        "voz": "IV",
                    
                    "path": "76Trombones-trompa3-4.pdf"
                    }
                    ,
                    {
                    "designaçao": "Trompa",
                    
                        "voz": "I",
                    
                    "path": "76Trombones-trompa1-2.pdf"
                    }
                    ,
                    {
                    "designaçao": "Trompa",
                    
                        "voz": "II",
                    
                    "path": "76Trombones-trompa1-2.pdf"
                    }
                    ,
                    {
                    "designaçao": "Trompete",
                    
                        "voz": "III",
                    
                    "path": "76Trombones-trompete3-4.pdf"
                    }
                    ,
                    {
                    "designaçao": "Trompete",
                    
                        "voz": "IV",
                    
                    "path": "76Trombones-trompete3-4.pdf"
                    }
                    ,
                    {
                    "designaçao": "Trompete",
                    
                        "voz": "II",
                    
                    "path": "76Trombones-trompete2.pdf"
                    }
                    ,
                    {
                    "designaçao": "Trompete",
                    
                        "voz": "I",
                    
                    "path": "76Trombones-trompete1.pdf"
                    }
                    ,
                    {
                    "designaçao": "Sax Barítono",
                    
                    "path": "76Trombones-saxB.pdf"
                    }
                    ,
                    {
                    "designaçao": "Sax Soprano",
                    
                    "path": "76Trombones-saxS.pdf"
                    }
                    ,
                    {
                    "designaçao": "Sax Alto",
                    
                    "path": "76Trombones-saxA1-2.pdf"
                    }
                    ,
                    {
                    "designaçao": "Sax Tenor",
                    
                    "path": "76Trombones-saxT1-2.pdf"
                    }
                    ,
                    {
                    "designaçao": "Clarinete",
                    
                    "path": "76Trombones-clarinete.pdf"
                    }
                    ,
                    {
                    "designaçao": "Clarinete",
                    
                        "voz": "I",
                    
                    "path": "76Trombones-clarinete1.pdf"
                    }
                    ,
                    {
                    "designaçao": "Clarinete",
                    
                        "voz": "II",
                    
                    "path": "76Trombones-clarinete2.pdf"
                    }
                    ,
                    {
                    "designaçao": "Clarinete",
                    
                        "voz": "III",
                    
                    "path": "76Trombones-clarinete3.pdf"
                    }
                    ,
                    {
                    "designaçao": "Fagote",
                    
                    "path": "76Trombones-fagote.pdf"
                    }
                    ,
                    {
                    "designaçao": "Oboé",
                    
                    "path": "76Trombones-oboe.pdf"
                    }
                    ,
                    {
                    "designaçao": "Flauta",
                    
                        "voz": "I",
                    
                    "path": "76Trombones-flauta1.pdf"
                    }
                    ,
                    {
                    "designaçao": "Flauta",
                    
                        "voz": "II",
                    
                    "path": "76Trombones-flauta2.pdf"
                    }
                    ,
                    {
                    "designaçao": "Flautim",
                    
                    "path": "76Trombones-flautim.pdf"
                    }
                    
                ]
            
            }
        