
            {"id": "m34",
             "titulo": "Xabia",
             "tipo": "Marcha de Desfile"
            
                , "compositor": "Salvador Salvá"
            
                , "instrumentos": [
                
                    {
                    "designaçao": "Sax Barítono",
                    
                    "path": "Xabia-saxB.pdf"
                    }
                    ,
                    {
                    "designaçao": "Bombo",
                    
                    "path": "Xabia-bombo-pratos.pdf"
                    }
                    ,
                    {
                    "designaçao": "Pratos",
                    
                    "path": "Xabia-bombo-pratos.pdf"
                    }
                    ,
                    {
                    "designaçao": "Clarinete Baixo",
                    
                    "path": "Xabia-clarinete-baixo.pdf"
                    }
                    ,
                    {
                    "designaçao": "Clarinete",
                    
                        "voz": "I",
                    
                    "path": "Xabia-clarinete1.pdf"
                    }
                    ,
                    {
                    "designaçao": "Clarinete",
                    
                        "voz": "II",
                    
                    "path": "Xabia-clarinete2.pdf"
                    }
                    ,
                    {
                    "designaçao": "Clarinete",
                    
                        "voz": "III",
                    
                    "path": "Xabia-clarinete3.pdf"
                    }
                    ,
                    {
                    "designaçao": "Eufónio",
                    
                    "path": "Xabia-eufonio.pdf"
                    }
                    ,
                    {
                    "designaçao": "Flauta",
                    
                    "path": "Xabia-flauta.pdf"
                    }
                    ,
                    {
                    "designaçao": "Fliscorne",
                    
                        "voz": "I",
                    
                    "path": "Xabia-fliscorne1.pdf"
                    }
                    ,
                    {
                    "designaçao": "Fliscorne",
                    
                        "voz": "II",
                    
                    "path": "Xabia-fliscorne2.pdf"
                    }
                    ,
                    {
                    "designaçao": "Maestro",
                    
                    "path": "Xabia-maestro.pdf"
                    }
                    ,
                    {
                    "designaçao": "Oboé",
                    
                    "path": "Xabia-oboe.pdf"
                    }
                    ,
                    {
                    "designaçao": "Requinta",
                    
                    "path": "Xabia-requinta.pdf"
                    }
                    ,
                    {
                    "designaçao": "Sax Alto",
                    
                        "voz": "I",
                    
                    "path": "Xabia-saxA1.pdf"
                    }
                    ,
                    {
                    "designaçao": "Sax Alto",
                    
                        "voz": "II",
                    
                    "path": "Xabia-saxA2.pdf"
                    }
                    ,
                    {
                    "designaçao": "Sax Tenor",
                    
                    "path": "Xabia-saxT.pdf"
                    }
                    ,
                    {
                    "designaçao": "Trombone",
                    
                        "voz": "I",
                    
                    "path": "Xabia-trombone1.pdf"
                    }
                    ,
                    {
                    "designaçao": "Trombone",
                    
                        "voz": "II",
                    
                    "path": "Xabia-trombone2.pdf"
                    }
                    ,
                    {
                    "designaçao": "Trombone",
                    
                        "voz": "III",
                    
                    "path": "Xabia-trombone3.pdf"
                    }
                    ,
                    {
                    "designaçao": "Trompete",
                    
                        "voz": "I",
                    
                    "path": "Xabia-trompete1.pdf"
                    }
                    ,
                    {
                    "designaçao": "Trompete",
                    
                        "voz": "II",
                    
                    "path": "Xabia-trompete2.pdf"
                    }
                    ,
                    {
                    "designaçao": "Trompa",
                    
                        "afinaçao": "Mib",
                    
                    "path": "Xabia-trompa-mib.pdf"
                    }
                    ,
                    {
                    "designaçao": "Tuba",
                    
                    "path": "Xabia-tuba.pdf"
                    }
                    
                ]
            
            }
        