
            {"id": "m64",
             "titulo": "Horizonte da Razão",
             "tipo": "Marcha de Concerto/Pasodoble"
            
                , "compositor": "Alexandre Fonseca"
            
                , "instrumentos": [
                
                    {
                    "designaçao": "Bateria",
                    
                    "path": "HorizonteRazao-bateria.pdf"
                    }
                    ,
                    {
                    "designaçao": "Caixa",
                    
                    "path": "HorizonteRazao-caixa.pdf"
                    }
                    ,
                    {
                    "designaçao": "Clarinete Baixo",
                    
                    "path": "HorizonteRazao-clarinete-baixo.pdf"
                    }
                    ,
                    {
                    "designaçao": "Clarinete",
                    
                        "voz": "I",
                    
                    "path": "HorizonteRazao-clarinete1.pdf"
                    }
                    ,
                    {
                    "designaçao": "Clarinete",
                    
                        "voz": "II",
                    
                    "path": "HorizonteRazao-clarinete2.pdf"
                    }
                    ,
                    {
                    "designaçao": "Clarinete",
                    
                        "voz": "III",
                    
                    "path": "HorizonteRazao-clarinete3.pdf"
                    }
                    ,
                    {
                    "designaçao": "Eufónio",
                    
                    "path": "HorizonteRazao-eufonio.pdf"
                    }
                    ,
                    {
                    "designaçao": "Flauta",
                    
                    "path": "HorizonteRazao-flauta.pdf"
                    }
                    ,
                    {
                    "designaçao": "Maestro",
                    
                    "path": "HorizonteRazao-maestro.pdf"
                    }
                    ,
                    {
                    "designaçao": "Oboé",
                    
                    "path": "HorizonteRazao-oboe.pdf"
                    }
                    ,
                    {
                    "designaçao": "Requinta",
                    
                    "path": "HorizonteRazao-requinta.pdf"
                    }
                    ,
                    {
                    "designaçao": "Sax Alto",
                    
                    "path": "HorizonteRazao-saxA.pdf"
                    }
                    ,
                    {
                    "designaçao": "Sax Barítono",
                    
                    "path": "HorizonteRazao-saxB.pdf"
                    }
                    ,
                    {
                    "designaçao": "Sax Tenor",
                    
                    "path": "HorizonteRazao-saxT.pdf"
                    }
                    ,
                    {
                    "designaçao": "Tímpanos",
                    
                    "path": "HorizonteRazao-timpanos.pdf"
                    }
                    ,
                    {
                    "designaçao": "Trombone",
                    
                    "path": "HorizonteRazao-trombone.pdf"
                    }
                    ,
                    {
                    "designaçao": "Trompa",
                    
                    "path": "HorizonteRazao-trompa.pdf"
                    }
                    ,
                    {
                    "designaçao": "Trompete",
                    
                        "voz": "I",
                    
                    "path": "HorizonteRazao-trompete1.pdf"
                    }
                    ,
                    {
                    "designaçao": "Trompete",
                    
                        "voz": "II",
                    
                    "path": "HorizonteRazao-trompete2.pdf"
                    }
                    ,
                    {
                    "designaçao": "Trompete",
                    
                        "voz": "III",
                    
                    "path": "HorizonteRazao-trompete3.pdf"
                    }
                    ,
                    {
                    "designaçao": "Tuba",
                    
                    "path": "HorizonteRazao-trombone.pdf"
                    }
                    
                ]
            
            }
        