
            {"id": "m52",
             "titulo": "Aguas do Botaréu",
             "tipo": "Marcha de Desfile"
            
                , "compositor": "Amílcar Morais"
            
                , "instrumentos": [
                
                    {
                    "designaçao": "Bombo",
                    
                    "path": "ABotareu-bombo-pratos.pdf"
                    }
                    ,
                    {
                    "designaçao": "Pratos",
                    
                    "path": "ABotareu-bombo-pratos.pdf"
                    }
                    ,
                    {
                    "designaçao": "Caixa",
                    
                    "path": "ABotareu-caixa.pdf"
                    }
                    ,
                    {
                    "designaçao": "Clarinete",
                    
                        "voz": "I",
                    
                    "path": "ABotareu-clarinete1.pdf"
                    }
                    ,
                    {
                    "designaçao": "Clarinete",
                    
                        "voz": "II",
                    
                    "path": "ABotareu-clarinete2.pdf"
                    }
                    ,
                    {
                    "designaçao": "Clarinete",
                    
                        "voz": "III",
                    
                    "path": "ABotareu-clarinete3.pdf"
                    }
                    ,
                    {
                    "designaçao": "Eufónio",
                    
                    "path": "ABotareu-eufonio.pdf"
                    }
                    ,
                    {
                    "designaçao": "Fagote",
                    
                    "path": "ABotareu-fagote.pdf"
                    }
                    ,
                    {
                    "designaçao": "Flauta",
                    
                    "path": "ABotareu-flauta.pdf"
                    }
                    ,
                    {
                    "designaçao": "Flautim",
                    
                    "path": "ABotareu-flautim.pdf"
                    }
                    ,
                    {
                    "designaçao": "Maestro",
                    
                    "path": "ABotareu-maestro.pdf"
                    }
                    ,
                    {
                    "designaçao": "Oboé",
                    
                    "path": "ABotareu-oboe.pdf"
                    }
                    ,
                    {
                    "designaçao": "Sax Alto",
                    
                        "voz": "I",
                    
                    "path": "ABotareu-saxA1.pdf"
                    }
                    ,
                    {
                    "designaçao": "Sax Alto",
                    
                        "voz": "II",
                    
                    "path": "ABotareu-saxA2.pdf"
                    }
                    ,
                    {
                    "designaçao": "Sax Barítono",
                    
                    "path": "ABotareu-saxB.pdf"
                    }
                    ,
                    {
                    "designaçao": "Sax Soprano",
                    
                    "path": "ABotareu-saxS.pdf"
                    }
                    ,
                    {
                    "designaçao": "Sax Tenor",
                    
                    "path": "ABotareu-saxT.pdf"
                    }
                    ,
                    {
                    "designaçao": "Trombone",
                    
                        "voz": "I",
                    
                    "path": "ABotareu-trombone1.pdf"
                    }
                    ,
                    {
                    "designaçao": "Trombone",
                    
                        "voz": "II",
                    
                    "path": "ABotareu-trombone2.pdf"
                    }
                    ,
                    {
                    "designaçao": "Trombone",
                    
                        "voz": "III",
                    
                    "path": "ABotareu-trombone3.pdf"
                    }
                    ,
                    {
                    "designaçao": "Trompa",
                    
                        "voz": "I",
                    
                    "path": "ABotareu-trompa1.pdf"
                    }
                    ,
                    {
                    "designaçao": "Trompa",
                    
                        "voz": "II",
                    
                    "path": "ABotareu-trompa2.pdf"
                    }
                    ,
                    {
                    "designaçao": "Trompa",
                    
                        "voz": "III",
                    
                    "path": "ABotareu-trompa3.pdf"
                    }
                    ,
                    {
                    "designaçao": "Trompete",
                    
                        "voz": "I",
                    
                    "path": "ABotareu-trompete1.pdf"
                    }
                    ,
                    {
                    "designaçao": "Trompete",
                    
                        "voz": "II",
                    
                    "path": "ABotareu-trompete2.pdf"
                    }
                    ,
                    {
                    "designaçao": "Trompete",
                    
                        "voz": "III",
                    
                    "path": "ABotareu-trompete3.pdf"
                    }
                    ,
                    {
                    "designaçao": "Tuba",
                    
                    "path": "ABotareu-tuba.pdf"
                    }
                    
                ]
            
            }
        