
            {"id": "m50",
             "titulo": "Harmonique",
             "tipo": "Marcha de Concerto/Pasodoble"
            
                , "compositor": "Wim Laseroms"
            
                , "instrumentos": [
                
                    {
                    "designaçao": "Clarinete",
                    
                        "voz": "I",
                    
                    "path": "Harmonique-clarinete1.pdf"
                    }
                    ,
                    {
                    "designaçao": "Clarinete",
                    
                        "voz": "II",
                    
                    "path": "Harmonique-clarinete2.pdf"
                    }
                    ,
                    {
                    "designaçao": "Clarinete",
                    
                        "voz": "III",
                    
                    "path": "Harmonique-clarinete3.pdf"
                    }
                    ,
                    {
                    "designaçao": "Eufónio",
                    
                    "path": "Harmonique-eufonio.pdf"
                    }
                    ,
                    {
                    "designaçao": "Sax Barítono",
                    
                    "path": "Harmonique-saxB.pdf"
                    }
                    ,
                    {
                    "designaçao": "Sax Tenor",
                    
                    "path": "Harmonique-saxT.pdf"
                    }
                    ,
                    {
                    "designaçao": "Sax Soprano",
                    
                    "path": "Harmonique-saxS.pdf"
                    }
                    ,
                    {
                    "designaçao": "Sax Alto",
                    
                    "path": "Harmonique-saxA.pdf"
                    }
                    ,
                    {
                    "designaçao": "Sax Alto",
                    
                        "voz": "I",
                    
                    "path": "Harmonique-saxA1.pdf"
                    }
                    ,
                    {
                    "designaçao": "Sax Alto",
                    
                        "voz": "II",
                    
                    "path": "Harmonique-saxA2.pdf"
                    }
                    ,
                    {
                    "designaçao": "Flauta",
                    
                    "path": "Harmonique-flauta.pdf"
                    }
                    ,
                    {
                    "designaçao": "Percussão",
                    
                        "voz": "I",
                    
                    "path": "Harmonique-percussao1.pdf"
                    }
                    ,
                    {
                    "designaçao": "Percussão",
                    
                        "voz": "II",
                    
                    "path": "Harmonique-percussao2.pdf"
                    }
                    ,
                    {
                    "designaçao": "Requinta",
                    
                    "path": "Harmonique-requinta.pdf"
                    }
                    ,
                    {
                    "designaçao": "Trombone",
                    
                        "voz": "I",
                    
                    "path": "Harmonique-trombone1.pdf"
                    }
                    ,
                    {
                    "designaçao": "Trombone",
                    
                        "voz": "II",
                    
                    "path": "Harmonique-trombone2.pdf"
                    }
                    ,
                    {
                    "designaçao": "Trombone",
                    
                        "voz": "III",
                    
                    "path": "Harmonique-trombone3.pdf"
                    }
                    ,
                    {
                    "designaçao": "Trompa",
                    
                    "path": "Harmonique-trompa.pdf"
                    }
                    ,
                    {
                    "designaçao": "Trompete",
                    
                        "voz": "I",
                    
                    "path": "Harmonique-trompete1.pdf"
                    }
                    ,
                    {
                    "designaçao": "Trompete",
                    
                        "voz": "II",
                    
                    "path": "Harmonique-trompete2.pdf"
                    }
                    ,
                    {
                    "designaçao": "Trompete",
                    
                        "voz": "III",
                    
                    "path": "Harmonique-trompete3.pdf"
                    }
                    ,
                    {
                    "designaçao": "Tuba",
                    
                    "path": "Harmonique-tuba.pdf"
                    }
                    
                ]
            
            }
        