
            {"id": "m42",
             "titulo": "Pilatus: Mountain of Dragons",
             "tipo": "Abertura/Concerto"
            
                , "compositor": "Steven Reineke"
            
                , "instrumentos": [
                
                    {
                    "designaçao": "All",
                    
                    "path": "Pilatus-all.pdf"
                    }
                    ,
                    {
                    "designaçao": "Clarinete Baixo",
                    
                    "path": "Pilatus-clarinete-baixo.pdf"
                    }
                    ,
                    {
                    "designaçao": "Clarinete",
                    
                        "voz": "I",
                    
                    "path": "Pilatus-clarinete1.pdf"
                    }
                    ,
                    {
                    "designaçao": "Clarinete",
                    
                        "voz": "II",
                    
                    "path": "Pilatus-clarinete2.pdf"
                    }
                    ,
                    {
                    "designaçao": "Clarinete",
                    
                        "voz": "IIb",
                    
                    "path": "Pilatus-clarinete2-3.pdf"
                    }
                    ,
                    {
                    "designaçao": "Clarinete",
                    
                        "voz": "III",
                    
                    "path": "Pilatus-clarinete3.pdf"
                    }
                    ,
                    {
                    "designaçao": "Clarinete",
                    
                        "voz": "IIIb",
                    
                    "path": "Pilatus-clarinete2-3.pdf"
                    }
                    ,
                    {
                    "designaçao": "Eufónio",
                    
                    "path": "Pilatus-eufonio.pdf"
                    }
                    ,
                    {
                    "designaçao": "Fagote",
                    
                    "path": "Pilatus-fagote.pdf"
                    }
                    ,
                    {
                    "designaçao": "Flauta",
                    
                    "path": "Pilatus-flauta.pdf"
                    }
                    ,
                    {
                    "designaçao": "Flauta",
                    
                        "voz": "I",
                    
                    "path": "Pilatus-flauta1-2.pdf"
                    }
                    ,
                    {
                    "designaçao": "Flauta",
                    
                        "voz": "II",
                    
                    "path": "Pilatus-flauta1-2.pdf"
                    }
                    ,
                    {
                    "designaçao": "Flautim",
                    
                    "path": "Pilatus-flautim.pdf"
                    }
                    ,
                    {
                    "designaçao": "Harpa",
                    
                    "path": "Pilatus-harpa.pdf"
                    }
                    ,
                    {
                    "designaçao": "Oboé",
                    
                    "path": "Pilatus-oboe.pdf"
                    }
                    ,
                    {
                    "designaçao": "Orgão",
                    
                    "path": "Pilatus-orgao.pdf"
                    }
                    ,
                    {
                    "designaçao": "Sax Alto",
                    
                        "voz": "I",
                    
                    "path": "Pilatus-saxA1.pdf"
                    }
                    ,
                    {
                    "designaçao": "Sax Alto",
                    
                        "voz": "II",
                    
                    "path": "Pilatus-saxA2.pdf"
                    }
                    ,
                    {
                    "designaçao": "Sax Barítono",
                    
                    "path": "Pilatus-saxB.pdf"
                    }
                    ,
                    {
                    "designaçao": "Sax Tenor",
                    
                    "path": "Pilatus-saxT.pdf"
                    }
                    ,
                    {
                    "designaçao": "Tímpanos",
                    
                    "path": "Pilatus-timpanos.pdf"
                    }
                    ,
                    {
                    "designaçao": "Trombone",
                    
                        "voz": "I",
                    
                    "path": "Pilatus-trombone1.pdf"
                    }
                    ,
                    {
                    "designaçao": "Trombone",
                    
                        "voz": "II",
                    
                    "path": "Pilatus-trombone2-3.pdf"
                    }
                    ,
                    {
                    "designaçao": "Trombone",
                    
                        "voz": "III",
                    
                    "path": "Pilatus-trombone2-3.pdf"
                    }
                    ,
                    {
                    "designaçao": "Trompa",
                    
                        "voz": "I",
                    
                    "path": "Pilatus-trompa1-2.pdf"
                    }
                    ,
                    {
                    "designaçao": "Trompa",
                    
                        "voz": "II",
                    
                    "path": "Pilatus-trompa1-2.pdf"
                    }
                    ,
                    {
                    "designaçao": "Trompete",
                    
                        "voz": "I",
                    
                    "path": "Pilatus-trompete1.pdf"
                    }
                    ,
                    {
                    "designaçao": "Trompete",
                    
                        "voz": "II",
                    
                    "path": "Pilatus-trompete2-3.pdf"
                    }
                    ,
                    {
                    "designaçao": "Trompete",
                    
                        "voz": "III",
                    
                    "path": "Pilatus-trompete2-3.pdf"
                    }
                    ,
                    {
                    "designaçao": "Tuba",
                    
                    "path": "Pilatus-tuba.pdf"
                    }
                    
                ]
            
            }
        