
            {"id": "m43",
             "titulo": "Marcha Radetzky",
             "tipo": "Marcha de Concerto/Pasodoble"
            
                , "compositor": "J. Strauss"
            
                , "arranjo": "Renato Morena"
            
                , "instrumentos": [
                
                    {
                    "designaçao": "All",
                    
                    "path": "Radetzky-all.pdf"
                    }
                    
                ]
            
            }
        