
            {"id": "m35",
             "titulo": "Bands Around the World",
             "tipo": "Ligeiro/Fantasia"
            
                , "compositor": "Harold Walters"
            
                , "arranjo": "Paul Yoder"
            
                , "instrumentos": [
                
                    {
                    "designaçao": "All",
                    
                    "path": "BandsWorld-all.pdf"
                    }
                    
                ]
            
            }
        