
            {"id": "m22",
             "titulo": "Marcha Eslava",
             "tipo": "Abertura/Concerto"
            
                , "compositor": "Tchaikovsky"
            
                , "arranjo": "J. Peixoto"
            
                , "instrumentos": [
                
                    {
                    "designaçao": "Sax Barítono",
                    
                    "path": "MEslava-saxB.pdf"
                    }
                    
                ]
            
            }
        