
            {"id": "m13",
             "titulo": "Casa de S. Paulo",
             "tipo": "Marcha de Procissão"
            
                , "compositor": "Ilídio Costa"
            
                , "instrumentos": [
                
                    {
                    "designaçao": "Clarinete",
                    
                        "voz": "I",
                    
                    "path": "CasaSPaulo-clarinete1.pdf"
                    }
                    ,
                    {
                    "designaçao": "Clarinete",
                    
                        "voz": "II",
                    
                    "path": "CasaSPaulo-clarinete2.pdf"
                    }
                    ,
                    {
                    "designaçao": "Clarinete",
                    
                        "voz": "III",
                    
                    "path": "CasaSPaulo-clarinete3.pdf"
                    }
                    ,
                    {
                    "designaçao": "Contrabaixo",
                    
                    "path": "CasaSPaulo-contrabaixo.pdf"
                    }
                    ,
                    {
                    "designaçao": "Eufónio",
                    
                    "path": "CasaSPaulo-eufonio.pdf"
                    }
                    ,
                    {
                    "designaçao": "Eufónio",
                    
                        "clave": "Sol",
                    
                    "path": "CasaSPaulo-eufonio-sol.pdf"
                    }
                    ,
                    {
                    "designaçao": "Flauta",
                    
                    "path": "CasaSPaulo-flauta.pdf"
                    }
                    ,
                    {
                    "designaçao": "Maestro",
                    
                    "path": "CasaSPaulo-maestro.pdf"
                    }
                    ,
                    {
                    "designaçao": "Percussão",
                    
                    "path": "CasaSPaulo-percussao.pdf"
                    }
                    ,
                    {
                    "designaçao": "Requinta",
                    
                    "path": "CasaSPaulo-requinta.pdf"
                    }
                    ,
                    {
                    "designaçao": "Sax Alto",
                    
                    "path": "CasaSPaulo-saxA.pdf"
                    }
                    ,
                    {
                    "designaçao": "Sax Tenor",
                    
                    "path": "CasaSPaulo-saxT.pdf"
                    }
                    ,
                    {
                    "designaçao": "Trombone",
                    
                        "voz": "I",
                    
                    "path": "CasaSPaulo-trombone1.pdf"
                    }
                    ,
                    {
                    "designaçao": "Trombone",
                    
                        "voz": "II",
                    
                    "path": "CasaSPaulo-trombone2.pdf"
                    }
                    ,
                    {
                    "designaçao": "Trombone",
                    
                        "voz": "III",
                    
                    "path": "CasaSPaulo-trombone3.pdf"
                    }
                    ,
                    {
                    "designaçao": "Trompete",
                    
                        "voz": "I",
                    
                    "path": "CasaSPaulo-trompete1.pdf"
                    }
                    ,
                    {
                    "designaçao": "Trompete",
                    
                        "voz": "II",
                    
                    "path": "CasaSPaulo-trompete2.pdf"
                    }
                    ,
                    {
                    "designaçao": "Trompete",
                    
                        "voz": "III",
                    
                    "path": "CasaSPaulo-trompete3.pdf"
                    }
                    ,
                    {
                    "designaçao": "Tuba",
                    
                    "path": "CasaSPaulo-tuba.pdf"
                    }
                    ,
                    {
                    "designaçao": "Tuba",
                    
                        "clave": "Sol",
                    
                    "path": "CasaSPaulo-tuba-sol.pdf"
                    }
                    
                ]
            
            }
        