
            {"id": "m32",
             "titulo": "Cavalaria Ligeira",
             "tipo": "Abertura/Concerto"
            
                , "compositor": "Franz Von Suppé"
            
                , "arranjo": "Charles Godfrey"
            
                , "instrumentos": [
                
                    {
                    "designaçao": "Clarinete",
                    
                        "voz": "Solo",
                    
                    "path": "CavalariaLigeira-clarinete-solo.pdf"
                    }
                    ,
                    {
                    "designaçao": "Clarinete",
                    
                        "voz": "I",
                    
                    "path": "CavalariaLigeira-clarinete1.pdf"
                    }
                    ,
                    {
                    "designaçao": "Clarinete",
                    
                        "voz": "II",
                    
                    "path": "CavalariaLigeira-clarinete2.pdf"
                    }
                    ,
                    {
                    "designaçao": "Clarinete",
                    
                        "voz": "III",
                    
                    "path": "CavalariaLigeira-clarinete3.pdf"
                    }
                    ,
                    {
                    "designaçao": "Eufónio",
                    
                    "path": "CavalariaLigeira-eufonio.pdf"
                    }
                    ,
                    {
                    "designaçao": "Flauta",
                    
                    "path": "CavalariaLigeira-flauta.pdf"
                    }
                    ,
                    {
                    "designaçao": "Maestro",
                    
                    "path": "CavalariaLigeira-maestro.pdf"
                    }
                    ,
                    {
                    "designaçao": "Percussão",
                    
                    "path": "CavalariaLigeira-percussao.pdf"
                    }
                    ,
                    {
                    "designaçao": "Sax Alto",
                    
                    "path": "CavalariaLigeira-saxA.pdf"
                    }
                    ,
                    {
                    "designaçao": "Sax Barítono",
                    
                    "path": "CavalariaLigeira-saxB.pdf"
                    }
                    ,
                    {
                    "designaçao": "Sax Tenor",
                    
                    "path": "CavalariaLigeira-saxT.pdf"
                    }
                    ,
                    {
                    "designaçao": "Trombone Baixo",
                    
                    "path": "CavalariaLigeira-trombone-baixo.pdf"
                    }
                    ,
                    {
                    "designaçao": "Trombone",
                    
                        "voz": "I",
                    
                    "path": "CavalariaLigeira-trombone1.pdf"
                    }
                    ,
                    {
                    "designaçao": "Trombone",
                    
                        "voz": "II",
                    
                    "path": "CavalariaLigeira-trombone2.pdf"
                    }
                    ,
                    {
                    "designaçao": "Trombone",
                    
                        "voz": "III",
                    
                    "path": "CavalariaLigeira-trombone3.pdf"
                    }
                    ,
                    {
                    "designaçao": "Trompa",
                    
                        "voz": "I",
                    
                    "path": "CavalariaLigeira-trompa1.pdf"
                    }
                    ,
                    {
                    "designaçao": "Trompa",
                    
                        "voz": "II",
                    
                    "path": "CavalariaLigeira-trompa2.pdf"
                    }
                    ,
                    {
                    "designaçao": "Trompa",
                    
                        "voz": "III",
                    
                    "path": "CavalariaLigeira-trompa3.pdf"
                    }
                    ,
                    {
                    "designaçao": "Trompa",
                    
                        "voz": "IV",
                    
                    "path": "CavalariaLigeira-trompa4.pdf"
                    }
                    ,
                    {
                    "designaçao": "Trompete",
                    
                        "voz": "I",
                    
                    "path": "CavalariaLigeira-trompete1.pdf"
                    }
                    ,
                    {
                    "designaçao": "Trompete",
                    
                        "voz": "II",
                    
                    "path": "CavalariaLigeira-trompete2.pdf"
                    }
                    ,
                    {
                    "designaçao": "Trompete",
                    
                        "voz": "III",
                    
                    "path": "CavalariaLigeira-trompete3.pdf"
                    }
                    ,
                    {
                    "designaçao": "Tuba",
                    
                        "clave": "Fá",
                    
                    "path": "CavalariaLigeira-tuba.pdf"
                    }
                    ,
                    {
                    "designaçao": "Tuba",
                    
                        "clave": "Sol",
                    
                    "path": "CavalariaLigeira-tuba-sol.pdf"
                    }
                    
                ]
            
            }
        