
            {"id": "m8",
             "titulo": "Corpo Místico",
             "tipo": "Marcha de Procissão"
            
                , "compositor": "Amílcar Morais"
            
                , "instrumentos": [
                
                    {
                    "designaçao": "Sax Barítono",
                    
                    "path": "CMistico-saxB.pdf"
                    }
                    ,
                    {
                    "designaçao": "Maestro",
                    
                    "path": "CMistico-maestro.pdf"
                    }
                    
                ]
            
            }
        