
            {"id": "m61",
             "titulo": "Pérola 59",
             "tipo": "Marcha de Concerto/Pasodoble"
            
                , "compositor": "Angelo Moreira"
            
                , "instrumentos": [
                
                    {
                    "designaçao": "Bateria",
                    
                    "path": "Perola59-bateria.pdf"
                    }
                    ,
                    {
                    "designaçao": "Caixa",
                    
                    "path": "Perola59-caixa.pdf"
                    }
                    ,
                    {
                    "designaçao": "Clarinete",
                    
                        "voz": "I",
                    
                    "path": "Perola59-clarinete1.pdf"
                    }
                    ,
                    {
                    "designaçao": "Clarinete",
                    
                        "voz": "II",
                    
                    "path": "Perola59-clarinete2.pdf"
                    }
                    ,
                    {
                    "designaçao": "Clarinete",
                    
                        "voz": "III",
                    
                    "path": "Perola59-clarinete3.pdf"
                    }
                    ,
                    {
                    "designaçao": "Eufónio",
                    
                    "path": "Perola59-eufonio.pdf"
                    }
                    ,
                    {
                    "designaçao": "Flauta",
                    
                    "path": "Perola59-flauta.pdf"
                    }
                    ,
                    {
                    "designaçao": "Maestro",
                    
                    "path": "Perola59-maestro.pdf"
                    }
                    ,
                    {
                    "designaçao": "Oboé",
                    
                    "path": "Perola59-oboe.pdf"
                    }
                    ,
                    {
                    "designaçao": "Requinta",
                    
                    "path": "Perola59-requinta.pdf"
                    }
                    ,
                    {
                    "designaçao": "Sax Alto",
                    
                    "path": "Perola59-saxA.pdf"
                    }
                    ,
                    {
                    "designaçao": "Sax Barítono",
                    
                    "path": "Perola59-saxB.pdf"
                    }
                    ,
                    {
                    "designaçao": "Sax Soprano",
                    
                    "path": "Perola59-saxS.pdf"
                    }
                    ,
                    {
                    "designaçao": "Sax Tenor",
                    
                    "path": "Perola59-saxT.pdf"
                    }
                    ,
                    {
                    "designaçao": "Tímpanos",
                    
                    "path": "Perola59-timpanos.pdf"
                    }
                    ,
                    {
                    "designaçao": "Trombone",
                    
                        "voz": "I",
                    
                    "path": "Perola59-trombone1.pdf"
                    }
                    ,
                    {
                    "designaçao": "Trombone",
                    
                        "voz": "II",
                    
                    "path": "Perola59-trombone2.pdf"
                    }
                    ,
                    {
                    "designaçao": "Trombone",
                    
                        "voz": "III",
                    
                    "path": "Perola59-trombone3.pdf"
                    }
                    ,
                    {
                    "designaçao": "Trompa",
                    
                        "voz": "I",
                    
                    "path": "Perola59-trompa1.pdf"
                    }
                    ,
                    {
                    "designaçao": "Trompa",
                    
                        "voz": "II",
                    
                    "path": "Perola59-trompa2.pdf"
                    }
                    ,
                    {
                    "designaçao": "Trompete",
                    
                        "voz": "I",
                    
                    "path": "Perola59-trompete1.pdf"
                    }
                    ,
                    {
                    "designaçao": "Trompete",
                    
                        "voz": "II",
                    
                    "path": "Perola59-trompete2.pdf"
                    }
                    ,
                    {
                    "designaçao": "Trompete",
                    
                        "voz": "III",
                    
                    "path": "Perola59-trompete3.pdf"
                    }
                    ,
                    {
                    "designaçao": "Tuba",
                    
                    "path": "Perola59-tuba-sol.pdf"
                    }
                    ,
                    {
                    "designaçao": "Xilofone",
                    
                    "path": "Perola59-xilofone.pdf"
                    }
                    
                ]
            
            }
        