
            {"id": "m23",
             "titulo": "Fate of the Gods",
             "tipo": "Abertura/Concerto"
            
                , "compositor": "Steven Reineke"
            
                , "arranjo": "Paulo Martins"
            
                , "instrumentos": [
                
                    {
                    "designaçao": "Bombo",
                    
                    "path": "FateGods-bombo-caixa.pdf"
                    }
                    ,
                    {
                    "designaçao": "Caixa",
                    
                    "path": "FateGods-bombo-caixa.pdf"
                    }
                    ,
                    {
                    "designaçao": "Clarinete Baixo",
                    
                    "path": "FateGods-clarinete-baixo.pdf"
                    }
                    ,
                    {
                    "designaçao": "Clarinete",
                    
                        "voz": "I",
                    
                    "path": "FateGods-clarinete1.pdf"
                    }
                    ,
                    {
                    "designaçao": "Clarinete",
                    
                        "voz": "II",
                    
                    "path": "FateGods-clarinete2.pdf"
                    }
                    ,
                    {
                    "designaçao": "Clarinete",
                    
                        "voz": "III",
                    
                    "path": "FateGods-clarinete3.pdf"
                    }
                    ,
                    {
                    "designaçao": "Eufónio",
                    
                        "afinaçao": "Dó Sib",
                    
                        "clave": "Fá Sol",
                    
                    "path": "FateGods-eufonio-fa-do.pdf FateGods-eufonio-sol.pdf"
                    }
                    ,
                    {
                    "designaçao": "Fagote",
                    
                    "path": "FateGods-fagote.pdf"
                    }
                    ,
                    {
                    "designaçao": "Flauta",
                    
                        "voz": "I",
                    
                    "path": "FateGods-flauta1-2.pdf"
                    }
                    ,
                    {
                    "designaçao": "Flauta",
                    
                        "voz": "II",
                    
                    "path": "FateGods-flauta1-2.pdf"
                    }
                    ,
                    {
                    "designaçao": "Flautim",
                    
                    "path": "FateGods-flautim.pdf"
                    }
                    ,
                    {
                    "designaçao": "Maestro",
                    
                    "path": "FateGods-maestro.pdf"
                    }
                    ,
                    {
                    "designaçao": "Oboé",
                    
                    "path": "FateGods-oboe.pdf"
                    }
                    ,
                    {
                    "designaçao": "Percussão",
                    
                        "voz": "Aux",
                    
                    "path": "FateGods-percussao-aux.pdf"
                    }
                    ,
                    {
                    "designaçao": "Pratos",
                    
                    "path": "FateGods-pratos.pdf"
                    }
                    ,
                    {
                    "designaçao": "Sax Alto",
                    
                        "voz": "I",
                    
                    "path": "FateGods-saxA1.pdf"
                    }
                    ,
                    {
                    "designaçao": "Sax Alto",
                    
                        "voz": "II",
                    
                    "path": "FateGods-saxA2.pdf"
                    }
                    ,
                    {
                    "designaçao": "Sax Barítono",
                    
                    "path": "FateGods-saxB.pdf"
                    }
                    ,
                    {
                    "designaçao": "Sax Tenor",
                    
                    "path": "FateGods-saxT.pdf"
                    }
                    ,
                    {
                    "designaçao": "Sinos",
                    
                    "path": "FateGods-sinos-xilofone.pdf"
                    }
                    ,
                    {
                    "designaçao": "Xilofone",
                    
                    "path": "FateGods-sinos-xilofone.pdf"
                    }
                    ,
                    {
                    "designaçao": "Tímpanos",
                    
                    "path": "FateGods-timpanos.pdf"
                    }
                    ,
                    {
                    "designaçao": "Trombone",
                    
                        "voz": "I",
                    
                    "path": "FateGods-trombone1.pdf"
                    }
                    ,
                    {
                    "designaçao": "Trombone",
                    
                        "voz": "II",
                    
                    "path": "FateGods-trombone2.pdf"
                    }
                    ,
                    {
                    "designaçao": "Trombone",
                    
                        "voz": "III",
                    
                    "path": "FateGods-trombone3.pdf"
                    }
                    ,
                    {
                    "designaçao": "Trompa",
                    
                        "voz": "I",
                    
                    "path": "FateGods-trompa1-2.pdf"
                    }
                    ,
                    {
                    "designaçao": "Trompa",
                    
                        "voz": "II",
                    
                    "path": "FateGods-trompa1-2.pdf"
                    }
                    ,
                    {
                    "designaçao": "Trompete",
                    
                        "voz": "I",
                    
                    "path": "FateGods-trompete1.pdf"
                    }
                    ,
                    {
                    "designaçao": "Trompete",
                    
                        "voz": "II",
                    
                    "path": "FateGods-trompete2.pdf"
                    }
                    ,
                    {
                    "designaçao": "Trompete",
                    
                        "voz": "III",
                    
                    "path": "FateGods-trompete3.pdf"
                    }
                    ,
                    {
                    "designaçao": "Tuba",
                    
                        "afinaçao": "Dó Sib",
                    
                        "clave": "Fá Sol",
                    
                    "path": "FateGods-trompete1.pdf FateGods-trompete1.pdf"
                    }
                    
                ]
            
            }
        