
            {"id": "m56",
             "titulo": "Cidade Esposende",
             "tipo": "Marcha de Desfile"
            
                , "compositor": "Valdemar Sequeira"
            
                , "instrumentos": [
                
                    {
                    "designaçao": "Bombo",
                    
                    "path": "Esposende-bombo-pratos.pdf"
                    }
                    ,
                    {
                    "designaçao": "Pratos",
                    
                    "path": "Esposende-bombo-pratos.pdf"
                    }
                    ,
                    {
                    "designaçao": "Caixa",
                    
                    "path": "Esposende-caixa.pdf"
                    }
                    ,
                    {
                    "designaçao": "Clarinete Baixo",
                    
                    "path": "Esposende-clarinete-baixo.pdf"
                    }
                    ,
                    {
                    "designaçao": "Clarinete",
                    
                        "voz": "I",
                    
                    "path": "Esposende-clarinete1.pdf"
                    }
                    ,
                    {
                    "designaçao": "Clarinete",
                    
                        "voz": "II",
                    
                    "path": "Esposende-clarinete2.pdf"
                    }
                    ,
                    {
                    "designaçao": "Clarinete",
                    
                        "voz": "III",
                    
                    "path": "Esposende-clarinete3.pdf"
                    }
                    ,
                    {
                    "designaçao": "Eufónio",
                    
                        "voz": "I",
                    
                    "path": "Esposende-eufonio1.pdf"
                    }
                    ,
                    {
                    "designaçao": "Eufónio",
                    
                        "voz": "II",
                    
                    "path": "Esposende-eufonio2.pdf"
                    }
                    ,
                    {
                    "designaçao": "Flauta",
                    
                    "path": "Esposende-flauta.pdf"
                    }
                    ,
                    {
                    "designaçao": "Maestro",
                    
                    "path": "Esposende-maestro.pdf"
                    }
                    ,
                    {
                    "designaçao": "Metalofone",
                    
                    "path": "Esposende-metalofone.pdf"
                    }
                    ,
                    {
                    "designaçao": "Oboé",
                    
                    "path": "Esposende-oboe.pdf"
                    }
                    ,
                    {
                    "designaçao": "Requinta",
                    
                    "path": "Esposende-requinta.pdf"
                    }
                    ,
                    {
                    "designaçao": "Sax Alto",
                    
                        "voz": "I",
                    
                    "path": "Esposende-saxA1.pdf"
                    }
                    ,
                    {
                    "designaçao": "Sax Alto",
                    
                        "voz": "II",
                    
                    "path": "Esposende-saxA2.pdf"
                    }
                    ,
                    {
                    "designaçao": "Sax Tenor",
                    
                        "voz": "I",
                    
                    "path": "Esposende-saxT1.pdf"
                    }
                    ,
                    {
                    "designaçao": "Sax Tenor",
                    
                        "voz": "II",
                    
                    "path": "Esposende-saxT2.pdf"
                    }
                    ,
                    {
                    "designaçao": "Trombone",
                    
                        "voz": "I",
                    
                    "path": "Esposende-trombone1.pdf"
                    }
                    ,
                    {
                    "designaçao": "Trombone",
                    
                        "voz": "II",
                    
                    "path": "Esposende-trombone2.pdf"
                    }
                    ,
                    {
                    "designaçao": "Trombone",
                    
                        "voz": "III",
                    
                    "path": "Esposende-trombone3.pdf"
                    }
                    ,
                    {
                    "designaçao": "Trompa",
                    
                        "voz": "I",
                    
                    "path": "Esposende-trompa1.pdf"
                    }
                    ,
                    {
                    "designaçao": "Trompa",
                    
                        "voz": "II",
                    
                    "path": "Esposende-trompa2.pdf"
                    }
                    ,
                    {
                    "designaçao": "Trompa",
                    
                        "voz": "III",
                    
                    "path": "Esposende-trompa3.pdf"
                    }
                    ,
                    {
                    "designaçao": "Trompete",
                    
                        "voz": "I",
                    
                    "path": "Esposende-trompete1.pdf"
                    }
                    ,
                    {
                    "designaçao": "Trompete",
                    
                        "voz": "II",
                    
                    "path": "Esposende-trompete2.pdf"
                    }
                    ,
                    {
                    "designaçao": "Trompete",
                    
                        "voz": "III",
                    
                    "path": "Esposende-trompete3.pdf"
                    }
                    ,
                    {
                    "designaçao": "Tuba",
                    
                    "path": "Esposende-tuba.pdf"
                    }
                    
                ]
            
            }
        