
            {"id": "m7",
             "titulo": "Avé Maria",
             "tipo": "Marcha de Procissão"
            
                , "compositor": "Alberto Madureira"
            
                , "instrumentos": [
                
                    {
                    "designaçao": "Bombo",
                    
                    "path": "AveMaria-bombo-pratos.pdf"
                    }
                    ,
                    {
                    "designaçao": "Pratos",
                    
                    "path": "AveMaria-bombo-pratos.pdf"
                    }
                    ,
                    {
                    "designaçao": "Caixa",
                    
                    "path": "AveMaria-caixa.pdf"
                    }
                    ,
                    {
                    "designaçao": "Clarinete",
                    
                        "voz": "I",
                    
                    "path": "AveMaria-clarinete1.pdf"
                    }
                    ,
                    {
                    "designaçao": "Clarinete",
                    
                        "voz": "II",
                    
                    "path": "AveMaria-clarinete2.pdf"
                    }
                    ,
                    {
                    "designaçao": "Clarinete",
                    
                        "voz": "III",
                    
                    "path": "AveMaria-clarinete3.pdf"
                    }
                    ,
                    {
                    "designaçao": "Contrabaixo",
                    
                    "path": "AveMaria-contrabaixo.pdf"
                    }
                    ,
                    {
                    "designaçao": "Eufónio",
                    
                        "afinaçao": "Dó",
                    
                        "clave": "Fá",
                    
                    "path": "AveMaria-eufonio-fa-do.pdf"
                    }
                    ,
                    {
                    "designaçao": "Eufónio",
                    
                        "afinaçao": "Sib",
                    
                        "clave": "Fá",
                    
                    "path": "AveMaria-eufonio-fa.pdf"
                    }
                    ,
                    {
                    "designaçao": "Eufónio",
                    
                        "afinaçao": "Dó",
                    
                        "clave": "Sol",
                    
                    "path": "AveMaria-eufonio-sol-do.pdf"
                    }
                    ,
                    {
                    "designaçao": "Eufónio",
                    
                        "afinaçao": "Sib",
                    
                        "clave": "Sol",
                    
                    "path": "AveMaria-eufonio-sol.pdf"
                    }
                    ,
                    {
                    "designaçao": "Fagote",
                    
                    "path": "AveMaria-fagote.pdf"
                    }
                    ,
                    {
                    "designaçao": "Flauta",
                    
                    "path": "AveMaria-flauta.pdf"
                    }
                    ,
                    {
                    "designaçao": "Maestro",
                    
                    "path": "AveMaria-maestro.pdf"
                    }
                    ,
                    {
                    "designaçao": "Oboé",
                    
                    "path": "AveMaria-oboe.pdf"
                    }
                    ,
                    {
                    "designaçao": "Requinta",
                    
                    "path": "AveMaria-requinta.pdf"
                    }
                    ,
                    {
                    "designaçao": "Sax Alto",
                    
                    "path": "AveMaria-saxA.pdf"
                    }
                    ,
                    {
                    "designaçao": "Sax Barítono",
                    
                    "path": "AveMaria-saxB.pdf"
                    }
                    ,
                    {
                    "designaçao": "Sax Soprano",
                    
                    "path": "AveMaria-saxS.pdf"
                    }
                    ,
                    {
                    "designaçao": "Sax Tenor",
                    
                    "path": "AveMaria-saxT.pdf"
                    }
                    ,
                    {
                    "designaçao": "Trombone",
                    
                        "voz": "I",
                    
                        "clave": "Fá",
                    
                    "path": "AveMaria-trombone1-fa.pdf"
                    }
                    ,
                    {
                    "designaçao": "Trombone",
                    
                        "voz": "I",
                    
                        "clave": "Sol",
                    
                    "path": "AveMaria-trombone1-sol.pdf"
                    }
                    ,
                    {
                    "designaçao": "Trombone",
                    
                        "voz": "II",
                    
                        "clave": "Fá",
                    
                    "path": "AveMaria-trombone2-fa.pdf"
                    }
                    ,
                    {
                    "designaçao": "Trombone",
                    
                        "voz": "II",
                    
                        "clave": "Sol",
                    
                    "path": "AveMaria-trombone2-sol.pdf"
                    }
                    ,
                    {
                    "designaçao": "Trombone",
                    
                        "voz": "III",
                    
                        "clave": "Fá",
                    
                    "path": "AveMaria-trombone3-fa.pdf"
                    }
                    ,
                    {
                    "designaçao": "Trombone",
                    
                        "voz": "III",
                    
                        "clave": "Sol",
                    
                    "path": "AveMaria-trombone3-sol.pdf"
                    }
                    ,
                    {
                    "designaçao": "Trompa",
                    
                        "voz": "I",
                    
                    "path": "AveMaria-trompa1.pdf"
                    }
                    ,
                    {
                    "designaçao": "Trompa",
                    
                        "voz": "II",
                    
                    "path": "AveMaria-trompa2.pdf"
                    }
                    ,
                    {
                    "designaçao": "Trompa",
                    
                        "voz": "III",
                    
                    "path": "AveMaria-trompa3.pdf"
                    }
                    ,
                    {
                    "designaçao": "Trompete",
                    
                        "voz": "I",
                    
                    "path": "AveMaria-trompete1-2.pdf"
                    }
                    ,
                    {
                    "designaçao": "Trompete",
                    
                        "voz": "II",
                    
                    "path": "AveMaria-trompete1-2.pdf"
                    }
                    ,
                    {
                    "designaçao": "Trompete",
                    
                        "voz": "III",
                    
                    "path": "AveMaria-trompete3.pdf"
                    }
                    ,
                    {
                    "designaçao": "Tuba",
                    
                    "path": "AveMaria-tuba.pdf"
                    }
                    
                ]
            
            }
        