
            {"id": "m16",
             "titulo": "Homenagem ao Dr Manuel Vaz",
             "tipo": "Marcha de Desfile"
            
                , "compositor": "Alexandre da Fonseca"
            
                , "instrumentos": [
                
                    {
                    "designaçao": "Sax Barítono",
                    
                    "path": "HomenagemMVaz-saxB.jpg"
                    }
                    ,
                    {
                    "designaçao": "Maestro",
                    
                    "path": "HomenagemMVaz-maestro.pdf"
                    }
                    
                ]
            
            }
        