
            {"id": "m6",
             "titulo": "São Martinho",
             "tipo": "Marcha de Procissão"
            
                , "compositor": "Carlos Marques"
            
                , "instrumentos": [
                
                    {
                    "designaçao": "Sax Barítono",
                    
                    "path": "SMartinho-saxB.pdf"
                    }
                    ,
                    {
                    "designaçao": "Bombo",
                    
                    "path": "SMartinho-bombo-pratos.pdf"
                    }
                    ,
                    {
                    "designaçao": "Pratos",
                    
                    "path": "SMartinho-bombo-pratos.pdf"
                    }
                    ,
                    {
                    "designaçao": "Caixa",
                    
                    "path": "SMartinho-caixa.pdf"
                    }
                    ,
                    {
                    "designaçao": "Clarinete",
                    
                        "voz": "I",
                    
                    "path": "SMartinho-clarinete1.pdf"
                    }
                    ,
                    {
                    "designaçao": "Clarinete",
                    
                        "voz": "II",
                    
                    "path": "SMartinho-clarinete2.pdf"
                    }
                    ,
                    {
                    "designaçao": "Clarinete",
                    
                        "voz": "III",
                    
                    "path": "SMartinho-clarinete3.pdf"
                    }
                    ,
                    {
                    "designaçao": "Eufónio",
                    
                    "path": "SMartinho-eufonio.pdf"
                    }
                    ,
                    {
                    "designaçao": "Flauta",
                    
                    "path": "SMartinho-flauta.pdf"
                    }
                    ,
                    {
                    "designaçao": "Lira",
                    
                    "path": "SMartinho-lira.pdf"
                    }
                    ,
                    {
                    "designaçao": "Maestro",
                    
                    "path": "SMartinho-maestro.pdf"
                    }
                    ,
                    {
                    "designaçao": "Sax Alto",
                    
                    "path": "SMartinho-saxA.pdf"
                    }
                    ,
                    {
                    "designaçao": "Sax Soprano",
                    
                    "path": "SMartinho-saxS.pdf"
                    }
                    ,
                    {
                    "designaçao": "Sax Tenor",
                    
                    "path": "SMartinho-saxT.pdf"
                    }
                    ,
                    {
                    "designaçao": "Trombone",
                    
                        "voz": "I",
                    
                    "path": "SMartinho-trombone1.pdf"
                    }
                    ,
                    {
                    "designaçao": "Trombone",
                    
                        "voz": "II",
                    
                    "path": "SMartinho-trombone2.pdf"
                    }
                    ,
                    {
                    "designaçao": "Trombone",
                    
                        "voz": "III",
                    
                    "path": "SMartinho-trombone3.pdf"
                    }
                    ,
                    {
                    "designaçao": "Trompa",
                    
                        "voz": "I",
                    
                    "path": "SMartinho-trompa1.pdf"
                    }
                    ,
                    {
                    "designaçao": "Trompa",
                    
                        "voz": "II",
                    
                    "path": "SMartinho-trompa2.pdf"
                    }
                    ,
                    {
                    "designaçao": "Trompa",
                    
                    "path": "SMartinho-trompa.pdf"
                    }
                    ,
                    {
                    "designaçao": "Trompete",
                    
                        "voz": "I",
                    
                    "path": "SMartinho-trompete1.pdf"
                    }
                    ,
                    {
                    "designaçao": "Trompete",
                    
                        "voz": "II",
                    
                    "path": "SMartinho-trompete2.pdf"
                    }
                    ,
                    {
                    "designaçao": "Trompete",
                    
                        "voz": "III",
                    
                    "path": "SMartinho-trompete3.pdf"
                    }
                    ,
                    {
                    "designaçao": "Tuba",
                    
                        "clave": "Sol",
                    
                    "path": "SMartinho-tuba-sol.pdf"
                    }
                    ,
                    {
                    "designaçao": "Tuba",
                    
                    "path": "SMartinho-tuba.pdf"
                    }
                    
                ]
            
            }
        