
            {"id": "m58",
             "titulo": "Gibraltar",
             "tipo": "Marcha de Concerto/Pasodoble"
            
                , "compositor": "Richard Waterer"
            
                , "instrumentos": [
                
                    {
                    "designaçao": "Bombo",
                    
                    "path": "Gibraltar-bombo.pdf"
                    }
                    ,
                    {
                    "designaçao": "Caixa",
                    
                    "path": "Gibraltar-caixa.pdf"
                    }
                    ,
                    {
                    "designaçao": "Clarinete Baixo",
                    
                    "path": "Gibraltar-clarinete-baixo.pdf"
                    }
                    ,
                    {
                    "designaçao": "Clarinete",
                    
                        "voz": "I",
                    
                    "path": "Gibraltar-clarinete1.pdf"
                    }
                    ,
                    {
                    "designaçao": "Clarinete",
                    
                        "voz": "II",
                    
                    "path": "Gibraltar-clarinete2.pdf"
                    }
                    ,
                    {
                    "designaçao": "Clarinete",
                    
                        "voz": "III",
                    
                    "path": "Gibraltar-clarinete3.pdf"
                    }
                    ,
                    {
                    "designaçao": "Corneta",
                    
                        "voz": "I",
                    
                    "path": "Gibraltar-corneta1.pdf"
                    }
                    ,
                    {
                    "designaçao": "Corneta",
                    
                        "voz": "II",
                    
                    "path": "Gibraltar-corneta2.pdf"
                    }
                    ,
                    {
                    "designaçao": "Corneta",
                    
                        "voz": "III",
                    
                    "path": "Gibraltar-corneta3.pdf"
                    }
                    ,
                    {
                    "designaçao": "Eufónio",
                    
                        "clave": "Fá",
                    
                    "path": "Gibraltar-eufonio.pdf"
                    }
                    ,
                    {
                    "designaçao": "Eufónio",
                    
                        "clave": "Sol",
                    
                    "path": "Gibraltar-eufonio-sol.pdf"
                    }
                    ,
                    {
                    "designaçao": "Fagote",
                    
                    "path": "Gibraltar-fagote.pdf"
                    }
                    ,
                    {
                    "designaçao": "Flauta",
                    
                    "path": "Gibraltar-flauta-flautim.pdf"
                    }
                    ,
                    {
                    "designaçao": "Flautim",
                    
                    "path": "Gibraltar-flauta-flautim.pdf"
                    }
                    ,
                    {
                    "designaçao": "Maestro",
                    
                    "path": "Gibraltar-maestro.pdf"
                    }
                    ,
                    {
                    "designaçao": "Oboé",
                    
                    "path": "Gibraltar-oboe.pdf"
                    }
                    ,
                    {
                    "designaçao": "Pratos",
                    
                    "path": "Gibraltar-pratos.pdf"
                    }
                    ,
                    {
                    "designaçao": "Requinta",
                    
                    "path": "Gibraltar-requinta.pdf"
                    }
                    ,
                    {
                    "designaçao": "Sax Alto",
                    
                        "voz": "I",
                    
                    "path": "Gibraltar-saxA1-2.pdf"
                    }
                    ,
                    {
                    "designaçao": "Sax Alto",
                    
                        "voz": "II",
                    
                    "path": "Gibraltar-saxA1-2.pdf"
                    }
                    ,
                    {
                    "designaçao": "Sax Barítono",
                    
                    "path": "Gibraltar-saxB.pdf"
                    }
                    ,
                    {
                    "designaçao": "Sax Tenor",
                    
                    "path": "Gibraltar-saxT.pdf"
                    }
                    ,
                    {
                    "designaçao": "Tímpanos",
                    
                    "path": "Gibraltar-timpanos.pdf"
                    }
                    ,
                    {
                    "designaçao": "Trombone Baixo",
                    
                    "path": "Gibraltar-trombone-baixo.pdf"
                    }
                    ,
                    {
                    "designaçao": "Trombone",
                    
                        "voz": "I",
                    
                    "path": "Gibraltar-trombone1.pdf"
                    }
                    ,
                    {
                    "designaçao": "Trombone",
                    
                        "voz": "II",
                    
                    "path": "Gibraltar-trombone2.pdf"
                    }
                    ,
                    {
                    "designaçao": "Trompa",
                    
                        "voz": "I",
                    
                    "path": "Gibraltar-trompa1-2.pdf"
                    }
                    ,
                    {
                    "designaçao": "Trompa",
                    
                        "voz": "II",
                    
                    "path": "Gibraltar-trompa1-2.pdf"
                    }
                    ,
                    {
                    "designaçao": "Trompa",
                    
                        "voz": "III",
                    
                    "path": "Gibraltar-trompa3-4.pdf"
                    }
                    ,
                    {
                    "designaçao": "Trompa",
                    
                        "voz": "IV",
                    
                    "path": "Gibraltar-trompa3-4.pdf"
                    }
                    ,
                    {
                    "designaçao": "Tuba",
                    
                    "path": "Gibraltar-tuba.pdf"
                    }
                    ,
                    {
                    "designaçao": "Xilofone",
                    
                    "path": "Gibraltar-xilofone.pdf"
                    }
                    
                ]
            
            }
        