
            {"id": "m44",
             "titulo": "Vila Franca",
             "tipo": "Marcha de Concerto/Pasodoble"
            
                , "compositor": "Jorge Salgueiro"
            
                , "instrumentos": [
                
                    {
                    "designaçao": "Bombo",
                    
                    "path": "VilaFranca-bombo-pratos.pdf"
                    }
                    ,
                    {
                    "designaçao": "Pratos",
                    
                    "path": "VilaFranca-bombo-pratos.pdf"
                    }
                    ,
                    {
                    "designaçao": "Castanholas",
                    
                    "path": "VilaFranca-castanholas-tanta.pdf"
                    }
                    ,
                    {
                    "designaçao": "Tantã",
                    
                    "path": "VilaFranca-castanholas-tanta.pdf"
                    }
                    ,
                    {
                    "designaçao": "Clarinete Alto",
                    
                    "path": "VilaFranca-clarinete-alto.pdf"
                    }
                    ,
                    {
                    "designaçao": "Clarinete Baixo",
                    
                    "path": "VilaFranca-clarinete-baixo.pdf"
                    }
                    ,
                    {
                    "designaçao": "Clarinete Contrabaixo",
                    
                    "path": "VilaFranca-clarinete-contrabaixo.pdf"
                    }
                    ,
                    {
                    "designaçao": "Clarinete",
                    
                        "voz": "I",
                    
                    "path": "VilaFranca-clarinete1.pdf"
                    }
                    ,
                    {
                    "designaçao": "Clarinete",
                    
                        "voz": "II",
                    
                    "path": "VilaFranca-clarinete2.pdf"
                    }
                    ,
                    {
                    "designaçao": "Clarinete",
                    
                        "voz": "III",
                    
                    "path": "VilaFranca-clarinete3.pdf"
                    }
                    ,
                    {
                    "designaçao": "Contrabaixo",
                    
                    "path": "VilaFranca-contrabaixo.pdf"
                    }
                    ,
                    {
                    "designaçao": "Cornetim",
                    
                        "voz": "I",
                    
                    "path": "VilaFranca-cornetim1.pdf"
                    }
                    ,
                    {
                    "designaçao": "Cornetim",
                    
                        "voz": "II",
                    
                    "path": "VilaFranca-cornetim2.pdf"
                    }
                    ,
                    {
                    "designaçao": "Eufónio",
                    
                        "voz": "I",
                    
                    "path": "VilaFranca-eufonio1-2.pdf"
                    }
                    ,
                    {
                    "designaçao": "Eufónio",
                    
                        "voz": "II",
                    
                    "path": "VilaFranca-eufonio1-2.pdf"
                    }
                    ,
                    {
                    "designaçao": "Fagote",
                    
                    "path": "VilaFranca-fagote.pdf"
                    }
                    ,
                    {
                    "designaçao": "Flauta",
                    
                    "path": "VilaFranca-flauta.pdf"
                    }
                    ,
                    {
                    "designaçao": "Flautim",
                    
                    "path": "VilaFranca-flautim.pdf"
                    }
                    ,
                    {
                    "designaçao": "Fliscorne",
                    
                        "voz": "I",
                    
                    "path": "VilaFranca-fliscorne1.pdf"
                    }
                    ,
                    {
                    "designaçao": "Fliscorne",
                    
                        "voz": "II",
                    
                    "path": "VilaFranca-fliscorne2.pdf"
                    }
                    ,
                    {
                    "designaçao": "Lira",
                    
                    "path": "VilaFranca-lira.pdf"
                    }
                    ,
                    {
                    "designaçao": "Maestro",
                    
                    "path": "VilaFranca-maestro.pdf"
                    }
                    ,
                    {
                    "designaçao": "Oboé",
                    
                    "path": "VilaFranca-oboe.pdf"
                    }
                    ,
                    {
                    "designaçao": "Requinta",
                    
                    "path": "VilaFranca-requinta.pdf"
                    }
                    ,
                    {
                    "designaçao": "Sax Alto",
                    
                    "path": "VilaFranca-saxA.pdf"
                    }
                    ,
                    {
                    "designaçao": "Sax Barítono",
                    
                    "path": "VilaFranca-saxB.pdf"
                    }
                    ,
                    {
                    "designaçao": "Sax Tenor",
                    
                    "path": "VilaFranca-saxT.pdf"
                    }
                    ,
                    {
                    "designaçao": "Tarola",
                    
                    "path": "VilaFranca-tarola.pdf"
                    }
                    ,
                    {
                    "designaçao": "Tímpanos",
                    
                    "path": "VilaFranca-timpanos.pdf"
                    }
                    ,
                    {
                    "designaçao": "Trombone Baixo",
                    
                    "path": "VilaFranca-trombone-baixo.pdf"
                    }
                    ,
                    {
                    "designaçao": "Trombone",
                    
                        "voz": "I",
                    
                    "path": "VilaFranca-trombone1.pdf"
                    }
                    ,
                    {
                    "designaçao": "Trombone",
                    
                        "voz": "II",
                    
                    "path": "VilaFranca-trombone2.pdf"
                    }
                    ,
                    {
                    "designaçao": "Trompa",
                    
                        "voz": "I",
                    
                    "path": "VilaFranca-trompa1-3.pdf"
                    }
                    ,
                    {
                    "designaçao": "Trompa",
                    
                        "voz": "III",
                    
                    "path": "VilaFranca-trompa1-3.pdf"
                    }
                    ,
                    {
                    "designaçao": "Trompa",
                    
                        "voz": "II",
                    
                    "path": "VilaFranca-trompa2-4.pdf"
                    }
                    ,
                    {
                    "designaçao": "Trompa",
                    
                        "voz": "IV",
                    
                    "path": "VilaFranca-trompa2-4.pdf"
                    }
                    ,
                    {
                    "designaçao": "Trompete",
                    
                        "voz": "I",
                    
                    "path": "VilaFranca-trompete1.pdf"
                    }
                    ,
                    {
                    "designaçao": "Trompete",
                    
                        "voz": "II",
                    
                    "path": "VilaFranca-trompete2.pdf"
                    }
                    ,
                    {
                    "designaçao": "Tuba",
                    
                    "path": "VilaFranca-tuba.pdf"
                    }
                    ,
                    {
                    "designaçao": "Violoncelo",
                    
                    "path": "VilaFranca-violoncelo.pdf"
                    }
                    
                ]
            
            }
        