
            {"id": "m1",
             "titulo": "Homenagem a J. Serra",
             "tipo": "Marcha de Desfile"
            
                , "compositor": "Ilídio Costa"
            
                , "instrumentos": [
                
                    {
                    "designaçao": "Maestro",
                    
                    "path": "HomenagemJSerra-maestro.pdf"
                    }
                    ,
                    {
                    "designaçao": "Flauta",
                    
                        "voz": "I",
                    
                    "path": "HomenagemJSerra-flauta1.pdf"
                    }
                    ,
                    {
                    "designaçao": "Flauta",
                    
                        "voz": "II",
                    
                    "path": "HomenagemJSerra-flauta1.pdf"
                    }
                    ,
                    {
                    "designaçao": "Clarinete",
                    
                    "path": "HomenagemJSerra-clarinete.pdf"
                    }
                    ,
                    {
                    "designaçao": "Clarinete",
                    
                        "voz": "I",
                    
                    "path": "HomenagemJSerra-clarinete1.pdf"
                    }
                    ,
                    {
                    "designaçao": "Clarinete",
                    
                        "voz": "II",
                    
                    "path": "HomenagemJSerra-clarinete2.pdf"
                    }
                    ,
                    {
                    "designaçao": "Clarinete",
                    
                        "voz": "III",
                    
                    "path": "HomenagemJSerra-clarinete3.pdf"
                    }
                    ,
                    {
                    "designaçao": "Sax Barítono",
                    
                    "path": "HomenagemJSerra-saxB.pdf"
                    }
                    ,
                    {
                    "designaçao": "Sax Tenor",
                    
                    "path": "HomenagemJSerra-saxT.pdf"
                    }
                    ,
                    {
                    "designaçao": "Sax Alto",
                    
                    "path": "HomenagemJSerra-saxA.pdf"
                    }
                    ,
                    {
                    "designaçao": "Trompete",
                    
                        "voz": "I",
                    
                    "path": "HomenagemJSerra-trompete1.pdf"
                    }
                    ,
                    {
                    "designaçao": "Trompete",
                    
                        "voz": "II",
                    
                    "path": "HomenagemJSerra-trompete2.pdf"
                    }
                    ,
                    {
                    "designaçao": "Trompete",
                    
                        "voz": "III",
                    
                    "path": "HomenagemJSerra-trompete3.pdf"
                    }
                    ,
                    {
                    "designaçao": "Trompa",
                    
                        "voz": "I",
                    
                    "path": "HomenagemJSerra-trompa1.pdf"
                    }
                    ,
                    {
                    "designaçao": "Trompa",
                    
                        "voz": "II",
                    
                    "path": "HomenagemJSerra-trompa1.pdf"
                    }
                    ,
                    {
                    "designaçao": "Trompa",
                    
                        "voz": "III",
                    
                    "path": "HomenagemJSerra-trompa3.pdf"
                    }
                    ,
                    {
                    "designaçao": "Trompa",
                    
                        "voz": "IV",
                    
                    "path": "HomenagemJSerra-trompa4.pdf"
                    }
                    ,
                    {
                    "designaçao": "Trombone",
                    
                        "voz": "I",
                    
                    "path": "HomenagemJSerra-trombone1.pdf"
                    }
                    ,
                    {
                    "designaçao": "Trombone",
                    
                        "voz": "II",
                    
                    "path": "HomenagemJSerra-trombone2.pdf"
                    }
                    ,
                    {
                    "designaçao": "Trombone",
                    
                        "voz": "III",
                    
                    "path": "HomenagemJSerra-trombone3.pdf"
                    }
                    ,
                    {
                    "designaçao": "Eufónio",
                    
                    "path": "HomenagemJSerra-eufonio.pdf"
                    }
                    ,
                    {
                    "designaçao": "Tuba",
                    
                    "path": "HomenagemJSerra-tuba.pdf"
                    }
                    ,
                    {
                    "designaçao": "Tuba",
                    
                        "clave": "Fá",
                    
                    "path": "HomenagemJSerra-tuba-fa.pdf"
                    }
                    ,
                    {
                    "designaçao": "Fagote",
                    
                    "path": "HomenagemJSerra-fagote.pdf"
                    }
                    ,
                    {
                    "designaçao": "Caixa",
                    
                    "path": "HomenagemJSerra-caixa.pdf"
                    }
                    ,
                    {
                    "designaçao": "Bateria",
                    
                    "path": "HomenagemJSerra-bateria.pdf"
                    }
                    
                ]
            
            }
        