
            {"id": "m15",
             "titulo": "Caçadores do I",
             "tipo": "Marcha de Desfile"
            
                , "compositor": "Amílcar Morais"
            
                , "instrumentos": [
                
                    {
                    "designaçao": "All",
                    
                    "path": "CacadoresI-all.pdf"
                    }
                    ,
                    {
                    "designaçao": "Caixa",
                    
                    "path": "CacadoresI-caixa.pdf"
                    }
                    ,
                    {
                    "designaçao": "Clarinete Alto",
                    
                    "path": "CacadoresI-clarinete-alto.pdf"
                    }
                    ,
                    {
                    "designaçao": "Clarinete Baixo",
                    
                    "path": "CacadoresI-clarinete-baixo.pdf"
                    }
                    ,
                    {
                    "designaçao": "Clarinete",
                    
                        "voz": "I",
                    
                    "path": "CacadoresI-clarinete1.pdf"
                    }
                    ,
                    {
                    "designaçao": "Clarinete",
                    
                        "voz": "II",
                    
                    "path": "CacadoresI-clarinete2.pdf"
                    }
                    ,
                    {
                    "designaçao": "Clarinete",
                    
                        "voz": "III",
                    
                    "path": "CacadoresI-clarinete3.pdf"
                    }
                    ,
                    {
                    "designaçao": "Corneta",
                    
                        "voz": "I",
                    
                    "path": "CacadoresI-corneta1.pdf"
                    }
                    ,
                    {
                    "designaçao": "Corneta",
                    
                        "voz": "II",
                    
                    "path": "CacadoresI-corneta2.pdf"
                    }
                    ,
                    {
                    "designaçao": "Eufónio",
                    
                        "clave": "Sol",
                    
                    "path": "CacadoresI-eufonio-sol.pdf"
                    }
                    ,
                    {
                    "designaçao": "Eufónio",
                    
                        "clave": "Fá",
                    
                    "path": "CacadoresI-eufonio.pdf"
                    }
                    ,
                    {
                    "designaçao": "Fagote",
                    
                    "path": "CacadoresI-fagote.pdf"
                    }
                    ,
                    {
                    "designaçao": "Flauta",
                    
                    "path": "CacadoresI-flauta.pdf"
                    }
                    ,
                    {
                    "designaçao": "Fliscorne",
                    
                        "voz": "I",
                    
                    "path": "CacadoresI-fliscorne1.pdf"
                    }
                    ,
                    {
                    "designaçao": "Fliscorne",
                    
                        "voz": "II",
                    
                    "path": "CacadoresI-fliscorne2.pdf"
                    }
                    ,
                    {
                    "designaçao": "Oboé",
                    
                    "path": "CacadoresI-oboe.pdf"
                    }
                    ,
                    {
                    "designaçao": "Sax Alto",
                    
                    "path": "CacadoresI-saxA.pdf"
                    }
                    ,
                    {
                    "designaçao": "Sax Barítono",
                    
                    "path": "CacadoresI-saxB.pdf"
                    }
                    ,
                    {
                    "designaçao": "Sax Soprano",
                    
                    "path": "CacadoresI-saxS.pdf"
                    }
                    ,
                    {
                    "designaçao": "Sax Tenor",
                    
                    "path": "CacadoresI-saxT.pdf"
                    }
                    ,
                    {
                    "designaçao": "Trombone",
                    
                    "path": "CacadoresI-trombone.pdf"
                    }
                    ,
                    {
                    "designaçao": "Trombone",
                    
                        "voz": "I",
                    
                    "path": "CacadoresI-trombone1.pdf"
                    }
                    ,
                    {
                    "designaçao": "Trombone",
                    
                        "voz": "II",
                    
                    "path": "CacadoresI-trombone2.pdf"
                    }
                    ,
                    {
                    "designaçao": "Trompa",
                    
                        "voz": "I",
                    
                    "path": "CacadoresI-trompa1.pdf"
                    }
                    ,
                    {
                    "designaçao": "Trompa",
                    
                        "voz": "II",
                    
                    "path": "CacadoresI-trompa2.pdf"
                    }
                    ,
                    {
                    "designaçao": "Trompa",
                    
                        "voz": "III",
                    
                    "path": "CacadoresI-trompa3.pdf"
                    }
                    ,
                    {
                    "designaçao": "Trompa",
                    
                        "voz": "IV",
                    
                    "path": "CacadoresI-trompa4.pdf"
                    }
                    ,
                    {
                    "designaçao": "Trompete",
                    
                        "voz": "I",
                    
                    "path": "CacadoresI-trompete1.pdf"
                    }
                    ,
                    {
                    "designaçao": "Trompete",
                    
                        "voz": "II",
                    
                    "path": "CacadoresI-trompete2.pdf"
                    }
                    ,
                    {
                    "designaçao": "Trompete",
                    
                        "voz": "III",
                    
                    "path": "CacadoresI-trompete3.pdf"
                    }
                    ,
                    {
                    "designaçao": "Tuba",
                    
                        "clave": "Sol",
                    
                    "path": "CacadoresI-tuba-sol.pdf"
                    }
                    ,
                    {
                    "designaçao": "Tuba",
                    
                        "clave": "Fá",
                    
                    "path": "CacadoresI-tuba.pdf"
                    }
                    ,
                    {
                    "designaçao": "Xilofone",
                    
                    "path": "CacadoresI-xilofone.pdf"
                    }
                    
                ]
            
            }
        