
            {"id": "m71",
             "titulo": "Jerusalen",
             "tipo": "Marcha de Procissão"
            
                , "compositor": "José Velez Garcia"
            
                , "instrumentos": [
                
                    {
                    "designaçao": "Contrabaixo",
                    
                        "afinaçao": "Dó",
                    
                    "path": "Jerusalen-baixo-do.pdf"
                    }
                    ,
                    {
                    "designaçao": "Bombo",
                    
                    "path": "Jerusalen-bombo.pdf"
                    }
                    ,
                    {
                    "designaçao": "Caixa",
                    
                    "path": "Jerusalen-caixa.pdf"
                    }
                    ,
                    {
                    "designaçao": "Clarinete Baixo",
                    
                    "path": "Jerusalen-clarinete-baixo.pdf"
                    }
                    ,
                    {
                    "designaçao": "Clarinete",
                    
                        "voz": "Solo",
                    
                    "path": "Jerusalen-clarinete-solo.pdf"
                    }
                    ,
                    {
                    "designaçao": "Clarinete",
                    
                        "voz": "I",
                    
                    "path": "Jerusalen-clarinete1.pdf"
                    }
                    ,
                    {
                    "designaçao": "Clarinete",
                    
                        "voz": "II",
                    
                    "path": "Jerusalen-clarinete2.pdf"
                    }
                    ,
                    {
                    "designaçao": "Clarinete",
                    
                        "voz": "III",
                    
                    "path": "Jerusalen-clarinete3.pdf"
                    }
                    ,
                    {
                    "designaçao": "Eufónio",
                    
                        "afinaçao": "Dó",
                    
                        "voz": "I",
                    
                        "clave": "Fá",
                    
                    "path": "Jerusalen-eufonio1-fa-do.pdf"
                    }
                    ,
                    {
                    "designaçao": "Eufónio",
                    
                        "afinaçao": "Dó",
                    
                        "voz": "II",
                    
                        "clave": "Fá",
                    
                    "path": "Jerusalen-eufonio2-fa-do.pdf"
                    }
                    ,
                    {
                    "designaçao": "Fagote",
                    
                    "path": "Jerusalen-fagote.pdf"
                    }
                    ,
                    {
                    "designaçao": "Flauta",
                    
                        "voz": "I",
                    
                    "path": "Jerusalen-flauta1.pdf"
                    }
                    ,
                    {
                    "designaçao": "Flauta",
                    
                        "voz": "II",
                    
                    "path": "Jerusalen-flauta2.pdf"
                    }
                    ,
                    {
                    "designaçao": "Fliscorne",
                    
                        "voz": "I",
                    
                    "path": "Jerusalen-fliscorne1.pdf"
                    }
                    ,
                    {
                    "designaçao": "Fliscorne",
                    
                        "voz": "II",
                    
                    "path": "Jerusalen-fliscorne2.pdf"
                    }
                    ,
                    {
                    "designaçao": "Oboé",
                    
                    "path": "Jerusalen-oboe.pdf"
                    }
                    ,
                    {
                    "designaçao": "Requinta",
                    
                    "path": "Jerusalen-requinta.pdf"
                    }
                    ,
                    {
                    "designaçao": "Sax Alto",
                    
                        "voz": "I",
                    
                    "path": "Jerusalen-saxA1.pdf"
                    }
                    ,
                    {
                    "designaçao": "Sax Alto",
                    
                        "voz": "II",
                    
                    "path": "Jerusalen-saxA2.pdf"
                    }
                    ,
                    {
                    "designaçao": "Sax Tenor",
                    
                        "voz": "I",
                    
                    "path": "Jerusalen-saxT1.pdf"
                    }
                    ,
                    {
                    "designaçao": "Sax Tenor",
                    
                        "voz": "II",
                    
                    "path": "Jerusalen-saxT2.pdf"
                    }
                    ,
                    {
                    "designaçao": "Sax Barítono",
                    
                    "path": "Jerusalen-saxB.pdf"
                    }
                    ,
                    {
                    "designaçao": "Tímpanos",
                    
                    "path": "Jerusalen-timpanos.pdf"
                    }
                    ,
                    {
                    "designaçao": "Trombone",
                    
                        "voz": "I",
                    
                    "path": "Jerusalen-trombone1.pdf"
                    }
                    ,
                    {
                    "designaçao": "Trombone",
                    
                        "voz": "II",
                    
                    "path": "Jerusalen-trombone2.pdf"
                    }
                    ,
                    {
                    "designaçao": "Trombone",
                    
                        "voz": "III",
                    
                    "path": "Jerusalen-trombone3.pdf"
                    }
                    ,
                    {
                    "designaçao": "Trompa",
                    
                        "voz": "I",
                    
                    "path": "Jerusalen-trompa1.pdf"
                    }
                    ,
                    {
                    "designaçao": "Trompa",
                    
                        "voz": "II",
                    
                    "path": "Jerusalen-trompa2.pdf"
                    }
                    ,
                    {
                    "designaçao": "Trompa",
                    
                        "voz": "III",
                    
                    "path": "Jerusalen-trompa3.pdf"
                    }
                    ,
                    {
                    "designaçao": "Trompete",
                    
                        "voz": "I",
                    
                    "path": "Jerusalen-trompete1.pdf"
                    }
                    ,
                    {
                    "designaçao": "Trompete",
                    
                        "voz": "II",
                    
                    "path": "Jerusalen-trompete2.pdf"
                    }
                    ,
                    {
                    "designaçao": "Trompete",
                    
                        "voz": "III",
                    
                    "path": "Jerusalen-trompete3.pdf"
                    }
                    
                ]
            
            }
        