
            {"id": "m12",
             "titulo": "São Bento",
             "tipo": "Marcha de Procissão"
            
                , "compositor": "Valdemar Sequeira"
            
                , "instrumentos": [
                
                    {
                    "designaçao": "All",
                    
                    "path": "SBento-all.pdf"
                    }
                    ,
                    {
                    "designaçao": "Bombo",
                    
                    "path": "SBento-bombo-pratos-caixa.pdf"
                    }
                    ,
                    {
                    "designaçao": "Pratos",
                    
                    "path": "SBento-bombo-pratos-caixa.pdf"
                    }
                    ,
                    {
                    "designaçao": "Caixa",
                    
                    "path": "SBento-bombo-pratos-caixa.pdf"
                    }
                    ,
                    {
                    "designaçao": "Bombo",
                    
                        "voz": "XL",
                    
                    "path": "SBento-bombo-pratos-XL.pdf"
                    }
                    ,
                    {
                    "designaçao": "Pratos",
                    
                        "voz": "XL",
                    
                    "path": "SBento-bombo-pratos-XL.pdf"
                    }
                    ,
                    {
                    "designaçao": "Clarinete",
                    
                        "voz": "II",
                    
                    "path": "SBento-clarinete2-3.pdf"
                    }
                    ,
                    {
                    "designaçao": "Clarinete",
                    
                        "voz": "III",
                    
                    "path": "SBento-clarinete2-3.pdf"
                    }
                    ,
                    {
                    "designaçao": "Eufónio",
                    
                    "path": "SBento-eufonio.pdf"
                    }
                    ,
                    {
                    "designaçao": "Flauta",
                    
                    "path": "SBento-flauta-clarinete1.pdf"
                    }
                    ,
                    {
                    "designaçao": "Clarinete",
                    
                        "voz": "I",
                    
                    "path": "SBento-flauta-clarinete1.pdf"
                    }
                    ,
                    {
                    "designaçao": "Requinta",
                    
                    "path": "SBento-requinta-trompete3.pdf"
                    }
                    ,
                    {
                    "designaçao": "Trompete",
                    
                        "voz": "III",
                    
                    "path": "SBento-requinta-trompete3.pdf"
                    }
                    ,
                    {
                    "designaçao": "Sax Alto",
                    
                    "path": "SBento-saxA-saxS.pdf"
                    }
                    ,
                    {
                    "designaçao": "Sax Soprano",
                    
                    "path": "SBento-saxA-saxS.pdf"
                    }
                    ,
                    {
                    "designaçao": "Sax Barítono",
                    
                    "path": "SBento-saxB-saxT.pdf"
                    }
                    ,
                    {
                    "designaçao": "Sax Tenor",
                    
                    "path": "SBento-saxB-saxT.pdf"
                    }
                    ,
                    {
                    "designaçao": "Trombone",
                    
                        "voz": "I",
                    
                    "path": "SBento-trombone1.pdf"
                    }
                    ,
                    {
                    "designaçao": "Trombone",
                    
                        "voz": "I",
                    
                        "clave": "Sol",
                    
                    "path": "SBento-trombone1-sol.pdf"
                    }
                    ,
                    {
                    "designaçao": "Trombone",
                    
                        "voz": "II",
                    
                    "path": "SBento-trombone2-3.pdf"
                    }
                    ,
                    {
                    "designaçao": "Trombone",
                    
                        "voz": "III",
                    
                    "path": "SBento-trombone2-3.pdf"
                    }
                    ,
                    {
                    "designaçao": "Trombone",
                    
                        "voz": "II",
                    
                        "clave": "Sol",
                    
                    "path": "SBento-trombone2-sol.pdf"
                    }
                    ,
                    {
                    "designaçao": "Trombone",
                    
                        "voz": "III",
                    
                        "clave": "Sol",
                    
                    "path": "SBento-trombone3-sol.pdf"
                    }
                    ,
                    {
                    "designaçao": "Trompa",
                    
                        "voz": "II",
                    
                    "path": "SBento-trompa2.pdf"
                    }
                    ,
                    {
                    "designaçao": "Trompete",
                    
                        "voz": "I",
                    
                    "path": "SBento-trompa1-2.pdf"
                    }
                    ,
                    {
                    "designaçao": "Trompete",
                    
                        "voz": "II",
                    
                    "path": "SBento-trompa1-2.pdf"
                    }
                    ,
                    {
                    "designaçao": "Tuba",
                    
                    "path": "SBento-tuba-contrabaixo.pdf"
                    }
                    ,
                    {
                    "designaçao": "Contrabaixo",
                    
                    "path": "SBento-tuba-contrabaixo.pdf"
                    }
                    
                ]
            
            }
        