
            {"id": "m14",
             "titulo": "Filarmonia",
             "tipo": "Marcha de Desfile"
            
                , "compositor": "Afonso Alves"
            
                , "instrumentos": [
                
                    {
                    "designaçao": "All",
                    
                    "path": "Filarmonia-all.pdf"
                    }
                    ,
                    {
                    "designaçao": "Maestro",
                    
                    "path": "Filarmonia-maestro.pdf"
                    }
                    ,
                    {
                    "designaçao": "Bombo",
                    
                    "path": "Filarmonia-bombo-pratos-flauta.pdf"
                    }
                    ,
                    {
                    "designaçao": "Pratos",
                    
                    "path": "Filarmonia-bombo-pratos-flauta.pdf"
                    }
                    ,
                    {
                    "designaçao": "Flauta",
                    
                    "path": "Filarmonia-bombo-pratos-flauta.pdf"
                    }
                    ,
                    {
                    "designaçao": "Oboé",
                    
                    "path": "Filarmonia-oboe-trompa.pdf"
                    }
                    ,
                    {
                    "designaçao": "Trompa",
                    
                    "path": "Filarmonia-oboe-trompa.pdf"
                    }
                    ,
                    {
                    "designaçao": "Lira",
                    
                    "path": "Filarmonia-lira-fagote.pdf"
                    }
                    ,
                    {
                    "designaçao": "Fagote",
                    
                    "path": "Filarmonia-lira-fagote.pdf"
                    }
                    ,
                    {
                    "designaçao": "Caixa",
                    
                    "path": "Filarmonia-caixa-requinta.pdf"
                    }
                    ,
                    {
                    "designaçao": "Requinta",
                    
                    "path": "Filarmonia-caixa-requinta.pdf"
                    }
                    ,
                    {
                    "designaçao": "Clarinete",
                    
                        "voz": "I",
                    
                    "path": "Filarmonia-clarinete1-3.pdf"
                    }
                    ,
                    {
                    "designaçao": "Clarinete",
                    
                        "voz": "II",
                    
                    "path": "Filarmonia-trompete-clarinete2.pdf"
                    }
                    ,
                    {
                    "designaçao": "Clarinete",
                    
                        "voz": "III",
                    
                    "path": "Filarmonia-clarinete1-3.pdf"
                    }
                    ,
                    {
                    "designaçao": "Trompete",
                    
                        "voz": "I",
                    
                    "path": "Filarmonia-trompete-clarinete2.pdf"
                    }
                    ,
                    {
                    "designaçao": "Sax Soprano",
                    
                    "path": "Filarmonia-saxS-saxB.pdf"
                    }
                    ,
                    {
                    "designaçao": "Sax Barítono",
                    
                    "path": "Filarmonia-saxS-saxB.pdf"
                    }
                    ,
                    {
                    "designaçao": "Sax Alto",
                    
                    "path": "Filarmonia-saxA-saxT.pdf"
                    }
                    ,
                    {
                    "designaçao": "Sax Tenor",
                    
                    "path": "Filarmonia-saxA-saxT.pdf"
                    }
                    ,
                    {
                    "designaçao": "Trompete",
                    
                        "voz": "II",
                    
                    "path": "Filarmonia-trompete2-3.pdf"
                    }
                    ,
                    {
                    "designaçao": "Trompete",
                    
                        "voz": "III",
                    
                    "path": "Filarmonia-trompete2-3.pdf"
                    }
                    ,
                    {
                    "designaçao": "Trompa",
                    
                    "path": "Filarmonia-trompa.pdf"
                    }
                    ,
                    {
                    "designaçao": "Trombone",
                    
                        "voz": "I",
                    
                    "path": "Filarmonia-trombone1-eufonio.pdf"
                    }
                    ,
                    {
                    "designaçao": "Eufónio",
                    
                    "path": "Filarmonia-trombone1-eufonio.pdf"
                    }
                    ,
                    {
                    "designaçao": "Trombone",
                    
                        "voz": "II",
                    
                    "path": "Filarmonia-trombone2-3.pdf"
                    }
                    ,
                    {
                    "designaçao": "Trombone",
                    
                        "voz": "III",
                    
                    "path": "Filarmonia-trombone2-3.pdf"
                    }
                    ,
                    {
                    "designaçao": "Tuba",
                    
                    "path": "Filarmonia-tuba.pdf"
                    }
                    
                ]
            
            }
        