
            {"id": "m63",
             "titulo": "Filhos da Nação",
             "tipo": "Marcha de Desfile"
            
                , "compositor": "Quinta do Bill"
            
                , "instrumentos": [
                
                    {
                    "designaçao": "Clarinete",
                    
                        "voz": "I",
                    
                    "path": "FilhosNacao-clarinete1.pdf"
                    }
                    ,
                    {
                    "designaçao": "Clarinete",
                    
                        "voz": "II",
                    
                    "path": "FilhosNacao-clarinete2.pdf"
                    }
                    ,
                    {
                    "designaçao": "Eufónio",
                    
                    "path": "FilhosNacao-eufonio.pdf"
                    }
                    ,
                    {
                    "designaçao": "Flauta",
                    
                    "path": "FilhosNacao-flauta.pdf"
                    }
                    ,
                    {
                    "designaçao": "Maestro",
                    
                    "path": "FilhosNacao-maestro.pdf"
                    }
                    ,
                    {
                    "designaçao": "Sax Alto",
                    
                    "path": "FilhosNacao-saxA.pdf"
                    }
                    ,
                    {
                    "designaçao": "Sax Barítono",
                    
                    "path": "FilhosNacao-saxB.pdf"
                    }
                    ,
                    {
                    "designaçao": "Sax Tenor",
                    
                    "path": "FilhosNacao-saxT.pdf"
                    }
                    ,
                    {
                    "designaçao": "Trombone",
                    
                        "voz": "I",
                    
                        "clave": "Fá",
                    
                    "path": "FilhosNacao-trombone1-fa.pdf"
                    }
                    ,
                    {
                    "designaçao": "Trombone",
                    
                        "voz": "I",
                    
                        "clave": "Sol",
                    
                    "path": "FilhosNacao-trombone1-sol.pdf"
                    }
                    ,
                    {
                    "designaçao": "Trombone",
                    
                        "voz": "II",
                    
                        "clave": "Fá",
                    
                    "path": "FilhosNacao-trombone2-fa.pdf"
                    }
                    ,
                    {
                    "designaçao": "Trombone",
                    
                        "voz": "II",
                    
                        "clave": "Sol",
                    
                    "path": "FilhosNacao-trombone2-sol.pdf"
                    }
                    ,
                    {
                    "designaçao": "Trombone",
                    
                        "voz": "III",
                    
                        "clave": "Fá",
                    
                    "path": "FilhosNacao-trombone3-fa.pdf"
                    }
                    ,
                    {
                    "designaçao": "Trombone",
                    
                        "voz": "III",
                    
                    "path": "FilhosNacao-trombone3.pdf"
                    }
                    ,
                    {
                    "designaçao": "Trompete",
                    
                        "voz": "I",
                    
                    "path": "FilhosNacao-trombone1.pdf"
                    }
                    ,
                    {
                    "designaçao": "Trompete",
                    
                        "voz": "II",
                    
                    "path": "FilhosNacao-trombone2.pdf"
                    }
                    ,
                    {
                    "designaçao": "Tuba",
                    
                    "path": "FilhosNacao-tuba.pdf"
                    }
                    
                ]
            
            }
        