
            {"id": "m17",
             "titulo": "Homenagem a Vila Verde",
             "tipo": "Marcha de Desfile"
            
                , "compositor": "Alexandre Teixeira Fonseca"
            
                , "instrumentos": [
                
                    {
                    "designaçao": "Sax Barítono",
                    
                    "path": "HomenagemVVerde-saxB.jpg"
                    }
                    
                ]
            
            }
        