
            {"id": "m10",
             "titulo": "Senhora Nossa",
             "tipo": "Marcha de Procissão"
            
                , "compositor": "Álvaro Reis"
            
                , "instrumentos": [
                
                    {
                    "designaçao": "All",
                    
                    "path": "SraNossa-all.pdf"
                    }
                    ,
                    {
                    "designaçao": "Bombo",
                    
                    "path": "SraNossa-bombo-caixa-pratos.pdf"
                    }
                    ,
                    {
                    "designaçao": "Caixa",
                    
                    "path": "SraNossa-bombo-caixa-pratos.pdf"
                    }
                    ,
                    {
                    "designaçao": "Pratos",
                    
                    "path": "SraNossa-bombo-caixa-pratos.pdf"
                    }
                    ,
                    {
                    "designaçao": "Clarinete Baixo",
                    
                    "path": "SraNossa-clarinete-baixo-saxS.pdf"
                    }
                    ,
                    {
                    "designaçao": "Sax Soprano",
                    
                    "path": "SraNossa-clarinete-baixo-saxS.pdf"
                    }
                    ,
                    {
                    "designaçao": "Clarinete",
                    
                        "voz": "I",
                    
                    "path": "SraNossa-clarinete1-requinta.pdf"
                    }
                    ,
                    {
                    "designaçao": "Requinta",
                    
                    "path": "SraNossa-clarinete1-requinta.pdf"
                    }
                    ,
                    {
                    "designaçao": "Clarinete",
                    
                        "voz": "II",
                    
                    "path": "SraNossa-clarinete2-3.pdf"
                    }
                    ,
                    {
                    "designaçao": "Clarinete",
                    
                        "voz": "III",
                    
                    "path": "SraNossa-clarinete2-3.pdf"
                    }
                    ,
                    {
                    "designaçao": "Contrabaixo",
                    
                    "path": "SraNossa-contrabaixo-tuba-fa-do.pdf"
                    }
                    ,
                    {
                    "designaçao": "Tuba",
                    
                        "afinaçao": "Dó",
                    
                        "clave": "Fá",
                    
                    "path": "SraNossa-contrabaixo-tuba-fa-do.pdf"
                    }
                    ,
                    {
                    "designaçao": "Eufónio",
                    
                        "afinaçao": "Dó",
                    
                        "clave": "Fá",
                    
                    "path": "SraNossa-contrabaixo-eufonio-fa-do-sol-sib.pdf"
                    }
                    ,
                    {
                    "designaçao": "Eufónio",
                    
                        "afinaçao": "Sib",
                    
                        "clave": "Sol",
                    
                    "path": "SraNossa-contrabaixo-eufonio-fa-do-sol-sib.pdf"
                    }
                    ,
                    {
                    "designaçao": "Fagote",
                    
                    "path": "SraNossa-fagote-oboe.pdf"
                    }
                    ,
                    {
                    "designaçao": "Oboé",
                    
                    "path": "SraNossa-fagote-oboe.pdf"
                    }
                    ,
                    {
                    "designaçao": "Flauta",
                    
                        "voz": "I",
                    
                    "path": "SraNossa-flauta1-2-flautim.pdf"
                    }
                    ,
                    {
                    "designaçao": "Flauta",
                    
                        "voz": "II",
                    
                    "path": "SraNossa-flauta1-2-flautim.pdf"
                    }
                    ,
                    {
                    "designaçao": "Flautim",
                    
                    "path": "SraNossa-flauta1-2-flautim.pdf"
                    }
                    ,
                    {
                    "designaçao": "Lira",
                    
                    "path": "SraNossa-lira-tuba-sol-sib.pdf"
                    }
                    ,
                    {
                    "designaçao": "Tuba",
                    
                        "afinaçao": "Sib",
                    
                        "clave": "Sol",
                    
                    "path": "SraNossa-lira-tuba-sol-sib.pdf"
                    }
                    ,
                    {
                    "designaçao": "Maestro",
                    
                    "path": "SraNossa-maestro.pdf"
                    }
                    ,
                    {
                    "designaçao": "Sax Alto",
                    
                        "voz": "I",
                    
                    "path": "SraNossa-saxA1-2.pdf"
                    }
                    ,
                    {
                    "designaçao": "Sax Alto",
                    
                        "voz": "II",
                    
                    "path": "SraNossa-saxA1-2.pdf"
                    }
                    ,
                    {
                    "designaçao": "Sax Barítono",
                    
                    "path": "SraNossa-saxB-saxT.pdf"
                    }
                    ,
                    {
                    "designaçao": "Sax Tenor",
                    
                    "path": "SraNossa-saxB-saxT.pdf"
                    }
                    ,
                    {
                    "designaçao": "Trombone",
                    
                        "voz": "I",
                    
                    "path": "SraNossa-trombone1-trompa3.pdf"
                    }
                    ,
                    {
                    "designaçao": "Trompa",
                    
                        "voz": "III",
                    
                    "path": "SraNossa-trombone1-trompa3.pdf"
                    }
                    ,
                    {
                    "designaçao": "Trombone",
                    
                        "voz": "II",
                    
                    "path": "SraNossa-trombone2-3.pdf"
                    }
                    ,
                    {
                    "designaçao": "Trombone",
                    
                        "voz": "III",
                    
                    "path": "SraNossa-trombone2-3.pdf"
                    }
                    ,
                    {
                    "designaçao": "Trompa",
                    
                        "voz": "I",
                    
                    "path": "SraNossa-trompa1-2.pdf"
                    }
                    ,
                    {
                    "designaçao": "Trompa",
                    
                        "voz": "II",
                    
                    "path": "SraNossa-trompa1-2.pdf"
                    }
                    ,
                    {
                    "designaçao": "Trompete",
                    
                        "voz": "I",
                    
                    "path": "SraNossa-trompete1-2-3.pdf"
                    }
                    ,
                    {
                    "designaçao": "Trompete",
                    
                        "voz": "II",
                    
                    "path": "SraNossa-trompete1-2-3.pdf"
                    }
                    ,
                    {
                    "designaçao": "Trompete",
                    
                        "voz": "III",
                    
                    "path": "SraNossa-trompete1-2-3.pdf"
                    }
                    
                ]
            
            }
        